date,o3,pm2.5,ws,wd,air_temp
2018/1/1 0:00,47.36031807,7.497624835,4.598855442,257.2799056,5.378717357
2018/1/1 1:00,47.04212748,7.449653347,4.603798028,257.0091387,5.412134481
2018/1/1 2:00,46.71582506,7.416400868,4.621557222,256.7626033,5.453969534
2018/1/1 3:00,46.40086285,7.35878745,4.636919061,256.5385503,5.502387869
2018/1/1 4:00,46.03361021,7.302817608,4.658490512,256.3424721,5.554476513
2018/1/1 5:00,45.67642854,7.227250368,4.698925061,256.2935312,5.612289641
2018/1/1 6:00,45.30649921,7.159037298,4.743610244,256.3449272,5.672927829
2018/1/1 7:00,44.90869462,7.101572602,4.788581863,256.4364165,5.733701697
2018/1/1 8:00,44.48532376,7.018703704,4.833752683,256.533729,5.795696347
2018/1/1 9:00,44.08876052,6.986721808,4.880226438,256.6338154,5.857519238
2018/1/1 10:00,43.68436455,6.928155072,4.925439944,256.7623841,5.917882001
2018/1/1 11:00,43.2429158,6.907418876,4.972981355,256.8917975,5.977977299
2018/1/1 12:00,42.83233077,6.85995894,5.02256864,257.0108534,6.031761352
2018/1/1 13:00,42.25059741,6.895383148,5.073924849,257.1485144,6.087967322
2018/1/1 14:00,41.67330238,6.940550241,5.123210284,257.2694786,6.135587668
2018/1/1 15:00,41.15202124,6.976831724,5.16927124,257.3210856,6.174041219
2018/1/1 16:00,40.6793083,7.040641881,5.231272497,257.4680809,6.211162361
2018/1/1 17:00,40.38878054,7.04881047,5.295843377,258.343275,6.249411799
2018/1/1 18:00,40.38013706,7.136750858,5.353025024,259.7641584,6.286289868
2018/1/1 19:00,40.55883975,7.153990877,5.398430447,260.5949515,6.317121616
2018/1/1 20:00,40.7777671,7.156215625,5.4137994,260.2101103,6.323362225
2018/1/1 21:00,40.94290509,7.130561404,5.416961374,259.9154581,6.317802896
2018/1/1 22:00,40.95762562,7.175952937,5.410125364,259.6462276,6.3063458
2018/1/1 23:00,40.72278775,7.22255492,5.394193364,259.3379417,6.29328036
2018/1/2 0:00,40.38018293,7.177525031,5.380755608,259.0159284,6.288526473
2018/1/2 1:00,40.01540984,7.15568239,5.370965802,258.7072056,6.296432171
2018/1/2 2:00,39.53030776,7.267402038,5.365876865,258.4330726,6.319758147
2018/1/2 3:00,39.15560087,7.331748648,5.361685517,258.1725809,6.358596041
2018/1/2 4:00,38.95818344,7.448778455,5.359651331,257.863613,6.405817985
2018/1/2 5:00,38.82227024,7.569988431,5.365688505,257.5325465,6.461954336
2018/1/2 6:00,38.66347173,7.66614145,5.393532241,257.2026726,6.525066273
2018/1/2 7:00,38.50313696,7.771085899,5.435499078,256.9621163,6.594516896
2018/1/2 8:00,38.23132222,7.816022624,5.478491901,256.8345359,6.669679466
2018/1/2 9:00,37.98180055,7.9246323,5.522334546,256.757921,6.746369582
2018/1/2 10:00,37.69605369,7.965448143,5.576368447,256.8545194,6.829040296
2018/1/2 11:00,37.45854163,8.036605015,5.634860822,257.3727283,6.915800216
2018/1/2 12:00,37.27629255,8.117685679,5.677038378,257.3139624,6.984652898
2018/1/2 13:00,37.11514961,8.175557415,5.708826155,257.1996272,7.049915221
2018/1/2 14:00,36.95115816,8.22858769,5.73691669,257.0450565,7.111693055
2018/1/2 15:00,36.78594657,8.302030798,5.761540351,256.9740175,7.171279848
2018/1/2 16:00,36.51368636,8.363125149,5.788870501,256.9394882,7.22748802
2018/1/2 17:00,36.32793875,8.430522106,5.815058973,256.9443684,7.281609326
2018/1/2 18:00,36.30194403,8.454749906,5.840132868,256.9685139,7.333643766
2018/1/2 19:00,36.56087286,8.470164087,5.86411929,257.0146626,7.384780617
2018/1/2 20:00,36.79468734,8.488226147,5.878720406,256.9959943,7.42897271
2018/1/2 21:00,36.80802002,8.526614314,5.875154609,256.8875987,7.454732121
2018/1/2 22:00,36.83196394,8.589605647,5.856138214,256.7847508,7.471789708
2018/1/2 23:00,36.74796154,8.591806342,5.840911208,256.6038963,7.489147112
2018/1/3 0:00,36.67426715,8.59881733,5.836474586,256.2518962,7.513899339
2018/1/3 1:00,36.65692963,8.651989722,5.856361976,255.8009538,7.547779571
2018/1/3 2:00,36.64766413,8.686874427,5.892691735,255.4418686,7.587572477
2018/1/3 3:00,36.76333382,8.752450966,5.94168616,255.2667018,7.643359888
2018/1/3 4:00,37.08726811,8.781853415,5.990278627,255.2808461,7.711244683
2018/1/3 5:00,37.52758568,8.810035419,6.039512737,255.4573873,7.786367448
2018/1/3 6:00,38.09932955,8.822801888,6.087956142,255.7849446,7.85230038
2018/1/3 7:00,38.71421481,8.815492099,6.141418019,256.1320557,7.922485471
2018/1/3 8:00,39.33054726,8.747061364,6.192124961,256.3406094,7.981897625
2018/1/3 9:00,39.95230696,8.683531546,6.244812902,257.6000371,8.039330983
2018/1/3 10:00,40.58825457,8.602445292,6.291923558,259.2216753,8.098110302
2018/1/3 11:00,41.20397888,8.468985482,6.328890387,260.5441138,8.154127404
2018/1/3 12:00,41.79827958,8.29542702,6.356305401,262.0238379,8.189315315
2018/1/3 13:00,42.37937252,8.131408855,6.378319971,263.6289985,8.221612951
2018/1/3 14:00,42.86730817,7.967300067,6.389937309,264.9789606,8.243332447
2018/1/3 15:00,43.34917813,7.832178048,6.38992325,266.3092112,8.265028229
2018/1/3 16:00,43.85542732,7.6783508,6.390626212,267.3351549,8.282376994
2018/1/3 17:00,44.38689827,7.575699193,6.394475565,268.1723788,8.297722572
2018/1/3 18:00,44.92125729,7.462687619,6.395481732,268.7992037,8.314604842
2018/1/3 19:00,45.43799796,7.279352563,6.383267469,269.3209723,8.328927483
2018/1/3 20:00,45.83764049,7.186368633,6.345432864,269.6098308,8.329055371
2018/1/3 21:00,46.11182621,7.072298551,6.293580177,269.3859638,8.298587808
2018/1/3 22:00,46.27946815,7.03350978,6.229006249,268.5335264,8.245841937
2018/1/3 23:00,46.28620658,7.018207396,6.149122483,267.6718705,8.188874227
2018/1/4 0:00,46.35264755,7.036268101,6.057273117,266.704262,8.124500346
2018/1/4 1:00,46.31353983,7.10961415,5.963867579,266.0756255,8.06876426
2018/1/4 2:00,46.11314526,7.188916913,5.885102285,265.6247495,8.033235032
2018/1/4 3:00,45.90711845,7.297209325,5.806914267,264.9726775,7.983356907
2018/1/4 4:00,45.59604354,7.430948796,5.733802144,264.0823065,7.919968528
2018/1/4 5:00,45.14608762,7.572607515,5.652435552,262.8754045,7.834379081
2018/1/4 6:00,44.79168052,7.706501129,5.573095015,261.6858698,7.73993299
2018/1/4 7:00,44.32912338,7.872611411,5.500383326,260.4869398,7.652712502
2018/1/4 8:00,43.8482415,8.041931774,5.423408977,259.1176965,7.557440134
2018/1/4 9:00,43.32666623,8.18216492,5.362336138,257.7441662,7.467515529
2018/1/4 10:00,42.69766888,8.299078696,5.296461814,256.3655677,7.37996558
2018/1/4 11:00,42.02686951,8.386054248,5.234025398,254.9125407,7.292910754
2018/1/4 12:00,41.36988015,8.514236083,5.173713283,253.4508773,7.211612256
2018/1/4 13:00,40.86244892,8.64573302,5.098343042,251.7304928,7.126458646
2018/1/4 14:00,40.41957258,8.781527681,5.015050334,249.8939217,7.026958342
2018/1/4 15:00,39.9723736,8.857746727,4.932662329,247.9557622,6.915218028
2018/1/4 16:00,39.45270641,8.964130131,4.842435704,245.9458731,6.793438399
2018/1/4 17:00,38.93843677,9.105749214,4.746422939,243.7507654,6.658955483
2018/1/4 18:00,38.419116,9.205044049,4.646567258,241.3018196,6.509096838
2018/1/4 19:00,37.85178113,9.322713806,4.545013458,238.6113472,6.351307255
2018/1/4 20:00,37.14423459,9.463252699,4.432997888,235.530441,6.183413144
2018/1/4 21:00,36.26882049,9.551763757,4.304533513,232.0699254,6.005347424
2018/1/4 22:00,35.32628896,9.61946104,4.176147226,228.3388736,5.825094222
2018/1/4 23:00,34.35961257,9.70672523,4.047307825,224.5042925,5.658287415
2018/1/5 0:00,33.30774722,9.834082143,3.931488467,220.7903239,5.510657075
2018/1/5 1:00,32.36323368,9.899318211,3.839698218,217.0014811,5.38455533
2018/1/5 2:00,31.59821814,9.941908737,3.763600284,213.2890441,5.288102832
2018/1/5 3:00,30.90945821,9.963637719,3.692662431,209.7127837,5.213956423
2018/1/5 4:00,30.04006893,10.00192391,3.611292959,206.1566118,5.148136304
2018/1/5 5:00,29.14072326,10.0372536,3.529002692,202.465728,5.082822486
2018/1/5 6:00,28.31322352,10.14671056,3.449559336,198.660427,5.012571842
2018/1/5 7:00,27.50379749,10.36591836,3.391045787,194.7405738,4.949914882
2018/1/5 8:00,26.86184985,10.55992354,3.357198247,190.7222009,4.891725035
2018/1/5 9:00,26.40888625,10.64892277,3.340157599,186.552637,4.846095003
2018/1/5 10:00,26.01970717,10.66237035,3.340510774,182.4580801,4.815082179
2018/1/5 11:00,25.6119817,10.65342173,3.333643088,178.3766213,4.785873003
2018/1/5 12:00,25.27334871,10.72214246,3.339378243,174.3952793,4.763899593
2018/1/5 13:00,25.10516142,10.75536343,3.332483286,170.5783154,4.727573053
2018/1/5 14:00,24.95713686,10.71229591,3.316901241,166.6782712,4.673733101
2018/1/5 15:00,24.9257649,10.66364077,3.318620534,162.7902549,4.608130477
2018/1/5 16:00,24.8942703,10.57140791,3.315174665,158.8813381,4.533707117
2018/1/5 17:00,24.97902088,10.50331849,3.315722128,155.0731955,4.453492197
2018/1/5 18:00,25.11089209,10.4365857,3.322490722,151.2861405,4.364455865
2018/1/5 19:00,25.101573,10.31849265,3.347061364,147.5751151,4.276369802
2018/1/5 20:00,25.15764424,10.17089059,3.378601834,143.8961091,4.188097243
2018/1/5 21:00,25.00276113,10.10790079,3.403966739,140.3398017,4.09731045
2018/1/5 22:00,24.88463074,10.00465479,3.438682734,136.8806826,4.017075203
2018/1/5 23:00,24.79767993,9.959988075,3.481737553,133.5396083,3.947182138
2018/1/6 0:00,24.6833599,9.935162842,3.529542194,130.2502985,3.886037818
2018/1/6 1:00,24.52186484,9.946781535,3.595774097,127.1458953,3.825494318
2018/1/6 2:00,24.354012,9.899882953,3.642808698,124.0576297,3.759162306
2018/1/6 3:00,24.17985685,9.837740765,3.680909921,121.0523437,3.688861354
2018/1/6 4:00,23.98174919,9.834561513,3.72947122,118.1216123,3.614124795
2018/1/6 5:00,23.81463448,9.846724281,3.777038717,115.2598908,3.537161795
2018/1/6 6:00,23.61988182,9.843517758,3.802907892,112.2588047,3.456401952
2018/1/6 7:00,23.44424471,9.892989351,3.821283151,109.1575692,3.37274743
2018/1/6 8:00,23.3096499,9.897078557,3.83704949,106.0447429,3.289779609
2018/1/6 9:00,23.20832679,9.917172771,3.852607481,103.0314444,3.204926833
2018/1/6 10:00,23.0907064,9.86038834,3.868860981,100.1441613,3.118195877
2018/1/6 11:00,22.99146707,9.840214683,3.893851199,97.51215921,3.055957477
2018/1/6 12:00,22.93532907,9.843040591,3.918163185,95.16178664,3.017385184
2018/1/6 13:00,22.83397652,9.912184112,3.936361434,92.54118765,2.975829792
2018/1/6 14:00,22.95038492,9.889496391,3.946983107,89.90504625,2.919669557
2018/1/6 15:00,23.12449046,9.855644786,3.951347062,87.17249199,2.865847222
2018/1/6 16:00,23.28477891,9.890488499,3.949885239,84.6415681,2.828622923
2018/1/6 17:00,23.43072963,9.852788388,3.929594535,82.16863078,2.798042886
2018/1/6 18:00,23.42218203,9.845012442,3.906402376,79.01274055,2.767729636
2018/1/6 19:00,23.13216004,9.783619628,3.885944315,75.3942828,2.737764479
2018/1/6 20:00,22.60437859,9.815368953,3.862690668,71.99380275,2.708843602
2018/1/6 21:00,21.96384415,9.840320551,3.864596627,69.66758667,2.702741213
2018/1/6 22:00,21.30405142,9.940054272,3.878563891,67.32228796,2.714172224
2018/1/6 23:00,20.74299144,9.949503268,3.905577454,65.16872496,2.739529676
2018/1/7 0:00,20.40830851,9.953263353,3.948915321,63.27521051,2.774909335
2018/1/7 1:00,20.18792896,10.08517512,3.991720123,61.21924829,2.806178783
2018/1/7 2:00,20.00969051,10.18538296,4.029433785,59.26911896,2.833459979
2018/1/7 3:00,19.98033095,10.16950195,4.064828689,57.43191821,2.85138348
2018/1/7 4:00,19.88683445,10.2083495,4.10067044,55.76078979,2.856934679
2018/1/7 5:00,19.63965147,10.23160822,4.150424742,54.53299213,2.856011681
2018/1/7 6:00,19.33205609,10.23784291,4.196098476,53.64498839,2.850823651
2018/1/7 7:00,19.04727918,10.24471618,4.221761166,52.97414997,2.842170273
2018/1/7 8:00,18.76683523,10.29321735,4.228615808,52.35597357,2.827269848
2018/1/7 9:00,18.59745462,10.46084247,4.225118614,51.72705659,2.801150148
2018/1/7 10:00,18.43263403,10.52875267,4.214073301,51.16080707,2.767857524
2018/1/7 11:00,18.33714479,10.67233209,4.191302242,50.61021209,2.727441946
2018/1/7 12:00,18.20471453,10.8663913,4.167970675,50.36436575,2.705791391
2018/1/7 13:00,18.01692945,11.08001115,4.155183541,50.72224358,2.698773119
2018/1/7 14:00,17.84365558,11.32424101,4.150201318,51.27149514,2.693778531
2018/1/7 15:00,17.68435216,11.57709309,4.152060018,51.90258639,2.697222368
2018/1/7 16:00,17.31483848,11.84092781,4.153449511,52.170522,2.704204391
2018/1/7 17:00,16.96435563,12.12171069,4.138837216,52.05286377,2.723312933
2018/1/7 18:00,16.65021106,12.38533011,4.119959889,52.08275083,2.761238162
2018/1/7 19:00,16.45847546,12.68031317,4.106743354,52.3417446,2.812078752
2018/1/7 20:00,16.2155767,12.92197985,4.095218333,52.8712082,2.870252677
2018/1/7 21:00,15.96790695,13.11610918,4.095524079,53.64193465,2.940517041
2018/1/7 22:00,15.92790293,13.24912181,4.118532452,54.8012838,3.037093023
2018/1/7 23:00,15.88152217,13.33985389,4.16433814,56.27450517,3.149626922
2018/1/8 0:00,15.9575375,13.47991459,4.212497311,58.14137974,3.267267883
2018/1/8 1:00,16.099575,13.6032382,4.256425836,60.44704731,3.385890788
2018/1/8 2:00,16.33874255,13.64652169,4.281061524,63.1901836,3.502042317
2018/1/8 3:00,16.73238129,13.71844369,4.290751729,66.16136825,3.616033464
2018/1/8 4:00,17.11477823,13.76395346,4.285271335,69.16848392,3.71545585
2018/1/8 5:00,17.43181787,13.77654122,4.278585911,72.19700606,3.80116607
2018/1/8 6:00,17.65382329,13.75543559,4.267705413,75.26184644,3.876688083
2018/1/8 7:00,17.72648511,13.69276271,4.252221614,78.33608906,3.958656512
2018/1/8 8:00,17.72175071,13.5915941,4.226557569,81.45276383,4.031566894
2018/1/8 9:00,17.68212375,13.53785273,4.195154474,84.79865319,4.109781167
2018/1/8 10:00,17.59780962,13.48930973,4.156300488,87.23784426,4.185548793
2018/1/8 11:00,17.45779792,13.50057829,4.109777102,89.30785573,4.253089561
2018/1/8 12:00,17.29248536,13.63171646,4.074226361,91.7400912,4.289188951
2018/1/8 13:00,17.10250524,13.80975898,4.039831696,94.82412684,4.350500628
2018/1/8 14:00,16.87371644,14.01715177,3.997297407,97.21321891,4.402390918
2018/1/8 15:00,16.62655262,14.19859272,3.95200395,99.73921241,4.451103481
2018/1/8 16:00,16.35326138,14.38113013,3.904473888,101.9538425,4.486396582
2018/1/8 17:00,16.0486213,14.50671947,3.851151249,104.6731164,4.513987929
2018/1/8 18:00,15.71863361,14.6217073,3.786979956,107.334073,4.531265213
2018/1/8 19:00,15.36888899,14.75306703,3.717227822,110.1071072,4.534315899
2018/1/8 20:00,14.98045928,15.10369809,3.646749351,112.8994498,4.524073487
2018/1/8 21:00,14.58053894,15.42301396,3.568202229,115.5978632,4.506626646
2018/1/8 22:00,14.16236972,15.75185455,3.49191204,118.3011147,4.488880495
2018/1/8 23:00,13.74743517,16.06707834,3.41104887,121.2362064,4.481148589
2018/1/9 0:00,13.33207113,16.42807732,3.331184584,124.3418271,4.488389438
2018/1/9 1:00,12.9007518,16.72869559,3.251230692,127.5938187,4.512282696
2018/1/9 2:00,12.52379898,16.92784119,3.178835251,130.8062137,4.54151169
2018/1/9 3:00,12.11001164,17.13905403,3.11013485,133.8261885,4.556710239
2018/1/9 4:00,11.6367723,17.2783757,3.037500064,141.2733625,4.577617348
2018/1/9 5:00,11.19810732,17.37736022,2.969783471,144.3187769,4.594619714
2018/1/9 6:00,10.7338367,17.49831425,2.910412139,147.638502,4.625801927
2018/1/9 7:00,10.26590403,17.64193076,2.862927473,150.9234014,4.66011139
2018/1/9 8:00,9.816749945,17.75071558,2.818747914,154.1381844,4.681803784
2018/1/9 9:00,9.354707832,17.89078357,2.78397653,161.6540134,4.702202558
2018/1/9 10:00,8.942094241,18.00298564,2.747258533,168.7292642,4.716449821
2018/1/9 11:00,8.577411673,18.17151953,2.719667524,175.1143215,4.724127184
2018/1/9 12:00,8.228496356,18.34637602,2.686084399,181.6807251,4.731941751
2018/1/9 13:00,7.851093703,18.47728907,2.645652899,187.7301938,4.727634202
2018/1/9 14:00,7.531354604,18.55818375,2.611512656,189.5493589,4.716604642
2018/1/9 15:00,7.25865174,18.68749354,2.577785043,191.7924172,4.709618385
2018/1/9 16:00,7.013654046,18.81500578,2.543657673,193.6673853,4.700389424
2018/1/9 17:00,6.81223826,18.93020941,2.510594232,199.4186514,4.68779878
2018/1/9 18:00,6.656577265,19.02508745,2.475098034,204.379173,4.676877121
2018/1/9 19:00,6.470082573,19.17504044,2.433669005,209.2160004,4.668887406
2018/1/9 20:00,6.220241681,19.28149888,2.392620253,213.6543009,4.661429063
2018/1/9 21:00,5.917388798,19.33545571,2.35707561,217.6160231,4.659548004
2018/1/9 22:00,5.639678072,19.46014357,2.337435188,221.4641615,4.671293738
2018/1/9 23:00,5.389866863,19.51667697,2.321687651,224.9236929,4.690259825
2018/1/10 0:00,5.118276576,19.60369724,2.3092459,228.4339471,4.714807092
2018/1/10 1:00,4.890342585,19.63933996,2.294767421,231.2966856,4.739222914
2018/1/10 2:00,4.746429059,19.70857106,2.280817943,233.966517,4.75717809
2018/1/10 3:00,4.697044726,19.76035074,2.259420793,236.7715177,4.764404371
2018/1/10 4:00,4.733725485,19.77438576,2.230131327,239.4218243,4.757500097
2018/1/10 5:00,4.8202965,19.76952634,2.201738603,241.7781062,4.745552621
2018/1/10 6:00,4.742260623,19.81964144,2.17212154,244.1100251,4.729319279
2018/1/10 7:00,4.60828647,19.8281737,2.145202834,246.3378832,4.709861457
2018/1/10 8:00,4.412054074,19.84316306,2.113689298,248.3179386,4.686065259
2018/1/10 9:00,4.161218768,19.91753442,2.074152846,250.1645971,4.666532567
2018/1/10 10:00,3.990844736,19.95571423,2.033956118,251.7280045,4.6388362
2018/1/10 11:00,3.91410845,20.01784728,1.992808613,253.1537424,4.604442382
2018/1/10 12:00,3.895115035,20.00663478,1.965300944,254.5568561,4.561652655
2018/1/10 13:00,3.859231237,19.9449557,1.9350773,255.6763457,4.516099018
2018/1/10 14:00,3.897617835,19.90101582,1.907120074,256.6490127,4.473881994
2018/1/10 15:00,4.053713182,19.81917613,1.895863873,257.6236649,4.440225354
2018/1/10 16:00,4.246011657,19.78959176,1.883508509,258.4236045,4.410543076
2018/1/10 17:00,4.525592545,19.71706572,1.870188648,259.1321692,4.379946778
2018/1/10 18:00,4.889058295,19.67305978,1.860686802,259.7634179,4.347319174
2018/1/10 19:00,5.232251176,19.55387874,1.856997014,260.3312261,4.315312378
2018/1/10 20:00,5.600675986,19.44823082,1.852689296,260.8207242,4.282908197
2018/1/10 21:00,5.882718293,19.31950457,1.84887416,261.19808,4.251465295
2018/1/10 22:00,6.132573364,19.18313738,1.841696663,261.5658592,4.223634094
2018/1/10 23:00,6.293355872,19.1113912,1.831168662,261.9425453,4.204344475
2018/1/11 0:00,6.400965553,19.0709763,1.82582344,262.1956281,4.201591913
2018/1/11 1:00,6.484330737,19.01329056,1.825257852,262.273665,4.195323185
2018/1/11 2:00,6.682798675,18.88198334,1.820234806,262.2402767,4.201711162
2018/1/11 3:00,6.893083097,18.81535947,1.824145478,262.173694,4.222428895
2018/1/11 4:00,7.095678765,18.77320241,1.832039657,261.853717,4.243196767
2018/1/11 5:00,7.278768092,18.66850069,1.834992776,261.3949068,4.264048655
2018/1/11 6:00,7.452975774,18.56390535,1.836476957,260.7800025,4.287501165
2018/1/11 7:00,7.665391661,18.45639535,1.842749412,260.0584615,4.311011435
2018/1/11 8:00,7.871222193,18.28924536,1.852834292,259.2436731,4.333432539
2018/1/11 9:00,8.015420978,18.22473664,1.86565666,258.3234657,4.356098577
2018/1/11 10:00,8.161361416,18.25973704,1.882316861,257.2308031,4.381432146
2018/1/11 11:00,8.29005604,18.33297705,1.899838403,255.9470124,4.405914537
2018/1/11 12:00,8.378625957,18.38227434,1.90878601,254.7813513,4.414770673
2018/1/11 13:00,8.57702154,18.35328216,1.913409468,253.2210889,4.405059125
2018/1/11 14:00,8.74879673,18.34690061,1.919552679,251.6524909,4.400064876
2018/1/11 15:00,8.933327859,18.34184657,1.931873657,250.0968284,4.407360606
2018/1/11 16:00,9.031247334,18.34254293,1.945423886,248.968365,4.419555728
2018/1/11 17:00,9.158165506,18.29700335,1.963111259,243.5676409,4.423697953
2018/1/11 18:00,9.292208508,18.34260899,1.978808149,242.4880935,4.4201203
2018/1/11 19:00,9.436294276,18.4759919,1.98706211,240.9945215,4.411944258
2018/1/11 20:00,9.596908842,18.62920562,1.991044602,239.0133524,4.392987148
2018/1/11 21:00,9.79034161,18.73664228,2.009117334,233.0329117,4.352243804
2018/1/11 22:00,9.966619824,18.84464131,2.016912082,229.9861261,4.29320549
2018/1/11 23:00,10.15832585,18.9224787,2.024783225,227.3116844,4.203474327
2018/1/12 0:00,10.31978608,19.08832168,2.027790717,224.137732,4.097699874
2018/1/12 1:00,10.39373607,19.25806653,2.021091912,220.7001801,3.991965905
2018/1/12 2:00,10.40412106,19.47286346,2.018388811,217.2839159,3.901637139
2018/1/12 3:00,10.42163544,19.70655449,2.020000711,213.8531553,3.84324572
2018/1/12 4:00,10.43324584,19.97086603,2.020307305,210.2392388,3.810217004
2018/1/12 5:00,10.45948117,20.20964142,2.015183304,206.1858633,3.775219824
2018/1/12 6:00,10.46160578,20.42482371,2.004534698,201.9740019,3.739442441
2018/1/12 7:00,10.43749068,20.63101943,1.985573016,197.6570258,3.704953257
2018/1/12 8:00,10.40761629,20.87017696,1.960193035,193.1785536,3.66865365
2018/1/12 9:00,10.37742312,21.0760666,1.945944925,188.8013455,3.632709419
2018/1/12 10:00,10.39585406,21.27708259,1.935787038,184.6255545,3.603363208
2018/1/12 11:00,10.37324829,21.54722025,1.925777027,180.5396838,3.58210394
2018/1/12 12:00,10.32600512,21.80359832,1.918797376,176.6609046,3.580717496
2018/1/12 13:00,10.21025773,22.02347063,1.896180629,172.1339541,3.552817354
2018/1/12 14:00,10.07958173,22.2006496,1.870707993,167.6316714,3.521174912
2018/1/12 15:00,9.9345427,22.38505892,1.838194895,163.1933171,3.49220559
2018/1/12 16:00,9.812933538,22.57889318,1.799096143,158.8840919,3.463070776
2018/1/12 17:00,9.913758101,22.74216451,1.761191919,155.0936515,3.439347414
2018/1/12 18:00,10.25940237,22.87844667,1.734266438,151.9329948,3.415186522
2018/1/12 19:00,10.76180533,22.98395468,1.710948423,148.9823838,3.381527172
2018/1/12 20:00,11.2180829,23.0395893,1.690279813,146.0744098,3.343964266
2018/1/12 21:00,11.55053735,23.121678,1.699428483,143.0954675,3.29995579
2018/1/12 22:00,11.95995791,23.17542241,1.712303531,140.1273708,3.253500667
2018/1/12 23:00,12.46270462,23.25525502,1.726166451,137.240432,3.208275134
2018/1/13 0:00,13.0505769,23.25788105,1.743235726,134.3913058,3.177254518
2018/1/13 1:00,13.66701548,23.20868302,1.765728142,131.6371919,3.15724466
2018/1/13 2:00,14.40239069,23.18359049,1.791002593,129.0847305,3.143969686
2018/1/13 3:00,14.99874131,23.1864037,1.82355194,126.7688618,3.148614318
2018/1/13 4:00,15.75571373,23.09206466,1.861415342,124.5595785,3.167186576
2018/1/13 5:00,16.42238834,22.94025381,1.905218858,122.6549156,3.190069094
2018/1/13 6:00,16.97455262,22.80222627,1.957767223,121.0438747,3.214309937
2018/1/13 7:00,17.56653798,22.67360742,1.99649061,119.7748839,3.24657217
2018/1/13 8:00,17.98690831,22.55998909,2.040094587,118.9626046,3.284382554
2018/1/13 9:00,18.27093672,22.51724442,2.089102732,118.4825255,3.326566377
2018/1/13 10:00,18.52166344,22.49025085,2.123827705,118.2009177,3.361354701
2018/1/13 11:00,18.75390677,22.41719903,2.129666864,118.1859824,3.378979231
2018/1/13 12:00,18.9321297,22.30059438,2.167350036,118.6861234,3.383551534
2018/1/13 13:00,18.96322748,22.16108453,2.191025291,119.3337003,3.412137022
2018/1/13 14:00,19.00344781,22.05098254,2.211719649,119.2908552,3.431442055
2018/1/13 15:00,19.06288992,21.94433641,2.237297136,119.8851248,3.456857776
2018/1/13 16:00,19.16647703,21.84606062,2.264308497,120.7545012,3.491686076
2018/1/13 17:00,19.36233116,21.68515429,2.291887987,121.9629959,3.529215782
2018/1/13 18:00,19.74655002,21.57441218,2.33452628,123.181131,3.570388865
2018/1/13 19:00,20.19933929,21.51026799,2.387766257,124.7201837,3.619824378
2018/1/13 20:00,20.58846399,21.40165662,2.447881713,126.6963456,3.673625032
2018/1/13 21:00,20.87831974,21.16609538,2.488046257,128.7484388,3.715127406
2018/1/13 22:00,21.10580616,20.90195356,2.531537759,131.2427128,3.75039205
2018/1/13 23:00,21.35945168,20.69363353,2.572642748,134.0842692,3.784179288
2018/1/14 0:00,21.70411634,20.45435693,2.621716447,137.0269883,3.823624608
2018/1/14 1:00,21.9781872,20.1436802,2.681267839,140.2289356,3.86848748
2018/1/14 2:00,22.24770943,19.83159688,2.752996228,143.6860395,3.918696928
2018/1/14 3:00,22.5199238,19.62407484,2.827501063,147.5828789,3.971502764
2018/1/14 4:00,22.79265188,19.34318339,2.893209894,151.8795081,4.029634341
2018/1/14 5:00,22.93112771,19.15830012,2.966033041,151.9344634,4.090192239
2018/1/14 6:00,23.10113935,19.05004988,3.028754029,156.2495314,4.15048877
2018/1/14 7:00,23.33439459,18.82489943,3.096804487,160.610363,4.215282735
2018/1/14 8:00,23.56946867,18.59543413,3.177153224,165.2090526,4.288153818
2018/1/14 9:00,23.82464198,18.40587371,3.265937845,170.2912347,4.369026643
2018/1/14 10:00,24.04247551,18.17588755,3.332056935,170.9017784,4.454273247
2018/1/14 11:00,24.20818847,17.98231822,3.394614125,171.5873026,4.540275832
2018/1/14 12:00,24.19790163,17.75848814,3.447487715,172.6011579,4.615096746
2018/1/14 13:00,24.1638162,17.5125234,3.498136896,173.0362976,4.68384627
2018/1/14 14:00,24.19934981,17.29716342,3.541509827,173.5164334,4.747446892
2018/1/14 15:00,24.27369514,17.10683957,3.589399332,178.1749876,4.810795465
2018/1/14 16:00,24.33996478,16.88890404,3.637632017,182.7047124,4.866182103
2018/1/14 17:00,24.4777472,16.61675912,3.682753545,187.9086851,4.916121716
2018/1/14 18:00,24.74958001,16.36359554,3.722597945,189.2395176,4.961054714
2018/1/14 19:00,25.20661535,16.05332213,3.756489187,191.0825337,4.997645331
2018/1/14 20:00,25.67373081,15.67506111,3.784152694,192.7910309,5.02254933
2018/1/14 21:00,26.08658145,15.34288425,3.819472558,194.6843189,5.035197397
2018/1/14 22:00,26.44074873,15.02715602,3.858154276,196.9505831,5.036194248
2018/1/14 23:00,26.74657621,14.59701758,3.889960346,199.1399743,5.026129355
2018/1/15 0:00,27.0437733,14.21218716,3.925680645,201.5138047,5.013122524
2018/1/15 1:00,27.42059483,13.7722413,3.970061268,203.7494911,5.004878557
2018/1/15 2:00,27.83400002,13.41206673,4.02677337,206.4554663,5.00849246
2018/1/15 3:00,28.26868573,13.04760696,4.091447069,209.3075932,5.025600016
2018/1/15 4:00,28.61144633,12.7064659,4.16200041,211.9093651,5.049325749
2018/1/15 5:00,28.8851155,12.36337703,4.240441833,214.4900598,5.076782094
2018/1/15 6:00,29.00609617,12.06171618,4.325225498,217.3644332,5.103898983
2018/1/15 7:00,29.27272106,11.66186727,4.411352076,220.2456161,5.130380836
2018/1/15 8:00,29.60040538,11.30314029,4.498789381,223.1534583,5.154949446
2018/1/15 9:00,30.00811399,10.96496454,4.585234239,226.1559548,5.175547252
2018/1/15 10:00,30.38642552,10.55763493,4.653744417,229.0306165,5.166020337
2018/1/15 11:00,30.54285467,10.20053764,4.703839359,232.015976,5.140690495
2018/1/15 12:00,30.61541003,9.850550428,4.748975285,234.9205345,5.101655603
2018/1/15 13:00,30.68919926,9.523886313,4.775983766,237.5349958,5.067065294
2018/1/15 14:00,30.84420359,9.226423583,4.807386353,240.1928084,5.034501888
2018/1/15 15:00,30.96615257,8.898966222,4.843172036,242.847071,5.020836305
2018/1/15 16:00,31.11758665,8.475063478,4.888088604,245.4034091,5.025958612
2018/1/15 17:00,31.42096582,8.069186715,4.939551697,247.9546757,5.045020403
2018/1/15 18:00,31.82107806,7.800526967,5.00718224,250.4202755,5.078353849
2018/1/15 19:00,32.40942714,7.472984574,5.095719723,252.8252961,5.12532205
2018/1/15 20:00,33.10654069,7.194177102,5.189775035,255.293692,5.179356968
2018/1/15 21:00,33.65232254,6.970417153,5.288586775,257.7920118,5.233220464
2018/1/15 22:00,34.11615494,6.73835429,5.384573793,260.30554,5.284940519
2018/1/15 23:00,34.44533464,6.534023535,5.47919554,262.6515552,5.337397922
2018/1/16 0:00,34.83122667,6.283336411,5.570548598,264.7641847,5.376102846
2018/1/16 1:00,35.27768441,6.009936496,5.657607998,266.8132917,5.400813065
2018/1/16 2:00,35.80563738,5.740259063,5.748345498,268.8477157,5.441916868
2018/1/16 3:00,36.2870102,5.481095232,5.849037958,270.6653904,5.496747911
2018/1/16 4:00,36.84312649,5.219147502,5.951195459,272.3113385,5.54803755
2018/1/16 5:00,37.34269937,4.96570934,6.043279428,273.9274729,5.601765366
2018/1/16 6:00,37.90270212,4.762545841,6.136379559,275.440869,5.660964769
2018/1/16 7:00,38.42570452,4.528496728,6.227792919,276.8951878,5.719946168
2018/1/16 8:00,38.81624265,4.363095168,6.311354616,278.2702227,5.778089603
2018/1/16 9:00,39.08081979,4.236632795,6.389732011,279.5306581,5.836276909
2018/1/16 10:00,39.30063763,4.066024402,6.464196531,280.6841136,5.89172639
2018/1/16 11:00,39.4928635,3.83538491,6.529663307,281.7036283,5.941557256
2018/1/16 12:00,39.70740944,3.634683303,6.595414485,282.6495272,5.984590393
2018/1/16 13:00,39.85917892,3.475882302,6.653474242,282.9725741,6.019132596
2018/1/16 14:00,39.81591099,3.381573246,6.707386692,283.0816967,6.039981435
2018/1/16 15:00,39.79268683,3.243830618,6.755530618,283.2099036,6.053346862
2018/1/16 16:00,39.71301694,3.138148313,6.792409534,283.0265776,6.05205104
2018/1/16 17:00,39.696363,3.098854087,6.823941026,282.1341514,6.036454937
2018/1/16 18:00,39.7449009,3.058995628,6.847719439,285.378901,6.003449088
2018/1/16 19:00,39.91913183,2.967410508,6.863715976,284.1059555,5.953790829
2018/1/16 20:00,40.11240752,2.85898682,6.871797669,282.6989733,5.881095062
2018/1/16 21:00,40.20253742,2.694347677,6.867072747,280.9011612,5.7754341
2018/1/16 22:00,40.17825784,2.51729219,6.838489631,283.2525414,5.657277521
2018/1/16 23:00,39.94984381,2.453048061,6.804171021,282.8920332,5.544607095
2018/1/17 0:00,39.62013683,2.441553868,6.756444977,282.0587678,5.458576053
2018/1/17 1:00,39.35712058,2.384864464,6.706758599,281.3462381,5.389004995
2018/1/17 2:00,39.14492244,2.385340954,6.661395354,280.6309849,5.331744921
2018/1/17 3:00,38.9568412,2.35778738,6.618592585,280.1515647,5.284692704
2018/1/17 4:00,38.71857072,2.353654132,6.571635734,279.6938544,5.218221963
2018/1/17 5:00,38.58329946,2.323954746,6.523161669,279.2727456,5.129769005
2018/1/17 6:00,38.40246066,2.329531353,6.479892574,279.2592724,5.04934777
2018/1/17 7:00,38.25083579,2.338202009,6.431873826,279.1547411,4.974675409
2018/1/17 8:00,38.04610425,2.432217515,6.392464416,279.0413052,4.902090084
2018/1/17 9:00,37.81343568,2.555654102,6.353532512,279.0526635,4.832902183
2018/1/17 10:00,37.53877534,2.69725506,6.307629934,279.0742992,4.768741393
2018/1/17 11:00,37.16434311,2.848217271,6.26555418,279.1770738,4.712440227
2018/1/17 12:00,36.83136712,2.973988031,6.231183907,279.2824766,4.652371862
2018/1/17 13:00,36.446091,3.15168279,6.193323554,279.170282,4.586116245
2018/1/17 14:00,36.15034127,3.299535367,6.163313509,279.0176884,4.52960148
2018/1/17 15:00,35.91429691,3.478901143,6.133277717,278.9020261,4.476792934
2018/1/17 16:00,35.79583868,3.613147085,6.11757202,278.6802171,4.420987569
2018/1/17 17:00,35.74725426,3.716544001,6.106749961,278.5698848,4.368663474
2018/1/17 18:00,35.82530394,3.749344043,6.104867208,278.6695751,4.323206219
2018/1/17 19:00,35.89016854,3.788880664,6.111032609,279.1833616,4.284030395
2018/1/17 20:00,35.95068981,3.786680477,6.123486726,279.8175553,4.251744955
2018/1/17 21:00,36.1444299,3.740020733,6.135313259,280.6918883,4.222104347
2018/1/17 22:00,36.28646114,3.683395188,6.124361787,281.7731944,4.204763203
2018/1/17 23:00,36.32712893,3.676729075,6.11052817,282.7024402,4.194705086
2018/1/18 0:00,36.32153024,3.611140679,6.091521938,284.0132401,4.191569875
2018/1/18 1:00,36.3710997,3.595566427,6.066443469,285.2786401,4.187821309
2018/1/18 2:00,36.43582068,3.558587571,6.041421237,286.544541,4.190286758
2018/1/18 3:00,36.35607113,3.530469596,6.011473697,283.9468483,4.197263699
2018/1/18 4:00,36.26830663,3.492373962,5.969237362,281.5824676,4.198989937
2018/1/18 5:00,36.00547145,3.467252468,5.918243645,279.3167349,4.198771764
2018/1/18 6:00,35.82395627,3.39041363,5.864189078,277.1654603,4.204091409
2018/1/18 7:00,35.54435266,3.360813844,5.795095527,274.8440183,4.216694757
2018/1/18 8:00,34.99280965,3.30282523,5.737004941,272.8260728,4.226915318
2018/1/18 9:00,34.61433764,3.323236539,5.667958141,270.9731939,4.234597423
2018/1/18 10:00,34.23140965,3.329280997,5.585219163,269.369559,4.239583711
2018/1/18 11:00,34.01325443,3.306346985,5.510479386,268.0411438,4.250964074
2018/1/18 12:00,33.76781956,3.277564499,5.46419416,266.4016876,4.269147586
2018/1/18 13:00,33.68425221,3.282385633,5.392962418,264.5681956,4.2986371
2018/1/18 14:00,33.73117212,3.258099563,5.317269492,263.119915,4.333210131
2018/1/18 15:00,33.81285688,3.218033434,5.248800476,261.8945394,4.363763405
2018/1/18 16:00,33.7953714,3.17398549,5.182664447,261.2249104,4.390029287
2018/1/18 17:00,33.79113465,3.156339109,5.117645873,260.7685493,4.395765458
2018/1/18 18:00,33.85037289,3.18845516,5.061267466,260.2920377,4.383877268
2018/1/18 19:00,33.71559504,3.15149697,4.988197182,260.0693419,4.357454701
2018/1/18 20:00,33.47333121,3.048874498,4.902855042,260.2333856,4.326194062
2018/1/18 21:00,33.18265203,3.032348114,4.807883847,260.0880517,4.274096101
2018/1/18 22:00,32.81092938,3.14478309,4.720535471,259.9218115,4.231024512
2018/1/18 23:00,32.38234196,3.329050459,4.636051792,259.7766542,4.194500634
2018/1/19 0:00,32.12610103,3.433019569,4.544306092,259.6117332,4.164330348
2018/1/19 1:00,31.87872284,3.52499801,4.460851956,259.2206566,4.128023626
2018/1/19 2:00,31.68235263,3.601923237,4.370556729,258.8098105,4.073960421
2018/1/19 3:00,31.45872251,3.741333494,4.27037362,258.1112789,3.997525065
2018/1/19 4:00,31.22331453,3.860502677,4.163699376,257.1404547,3.901406941
2018/1/19 5:00,31.05850685,4.030494834,4.069011737,255.9589822,3.796793138
2018/1/19 6:00,31.08659275,4.115978752,3.984238065,254.2495687,3.687308231
2018/1/19 7:00,31.07829931,4.089458448,3.899506741,252.290159,3.564774654
2018/1/19 8:00,30.97392013,4.16783652,3.811035489,250.2423214,3.428741664
2018/1/19 9:00,30.85243178,4.25056076,3.696848189,248.1916159,3.279717426
2018/1/19 10:00,30.5516811,4.432998735,3.583219871,246.1534697,3.139489192
2018/1/19 11:00,30.16578383,4.590352311,3.480185616,244.2527833,3.002148015
2018/1/19 12:00,29.83201986,4.796663894,3.387398007,242.3995111,2.867257719
2018/1/19 13:00,29.61138869,4.941120064,3.30251237,240.5558086,2.746108724
2018/1/19 14:00,29.55733721,5.132536474,3.218537873,238.652788,2.630054255
2018/1/19 15:00,29.46552119,5.262559222,3.150298886,236.9186104,2.537802591
2018/1/19 16:00,29.38618414,5.359361338,3.072531968,235.3112877,2.441258624
2018/1/19 17:00,29.40870221,5.422559155,2.999859916,233.7367063,2.353716976
2018/1/19 18:00,29.54638377,5.514557583,2.934812885,232.3489267,2.280731894
2018/1/19 19:00,29.5697725,5.545377474,2.877653428,231.0198427,2.216967811
2018/1/19 20:00,29.34266606,5.632094878,2.833819591,229.8979602,2.168316905
2018/1/19 21:00,28.99348697,5.699777932,2.792217278,228.5987995,2.105997706
2018/1/19 22:00,28.59417237,5.782244702,2.74392429,227.3968384,2.041047905
2018/1/19 23:00,28.11508368,5.846653138,2.692675304,226.1764647,1.976643703
2018/1/20 0:00,27.57770039,5.984208084,2.648653616,225.1262181,1.927744813
2018/1/20 1:00,27.02861486,6.105171701,2.606852271,224.1711779,1.892529969
2018/1/20 2:00,26.47033275,6.276139165,2.578808318,223.3118177,1.869555813
2018/1/20 3:00,25.982309,6.372131898,2.558192727,222.9901826,1.864583414
2018/1/20 4:00,25.40274266,6.49800697,2.524206966,222.8332664,1.866392991
2018/1/20 5:00,24.92831892,6.597376731,2.483835937,222.6581251,1.8719303
2018/1/20 6:00,24.36720941,6.727218295,2.438989835,222.2511958,1.872915463
2018/1/20 7:00,23.91493585,6.801932519,2.389091045,221.7087244,1.875066189
2018/1/20 8:00,23.42723036,6.896995616,2.340013958,221.2027216,1.876658779
2018/1/20 9:00,22.81869961,7.018193668,2.281866627,220.7535605,1.882325839
2018/1/20 10:00,22.09791066,7.119286732,2.22490095,220.1282074,1.88382967
2018/1/20 11:00,21.39819081,7.323850064,2.196368311,219.605901,1.908891708
2018/1/20 12:00,20.88889017,7.529562077,2.191713855,219.3529476,1.972653758
2018/1/20 13:00,20.48930397,7.690757871,2.197266748,219.1235065,2.065086498
2018/1/20 14:00,20.14052098,7.8378689,2.220299682,219.0411096,2.172831616
2018/1/20 15:00,19.91141864,7.988342706,2.245568036,219.0395036,2.281355074
2018/1/20 16:00,19.79818504,8.126932272,2.268730552,219.1147739,2.363196801
2018/1/20 17:00,19.81941471,8.348956561,2.289001946,219.2955805,2.427244948
2018/1/20 18:00,19.84398758,8.50568036,2.314010797,219.6220339,2.475995792
2018/1/20 19:00,19.9674734,8.55010116,2.327658764,220.0555675,2.513205185
2018/1/20 20:00,19.9839965,8.5809511,2.31925608,220.4477508,2.543688671
2018/1/20 21:00,19.86601457,8.660036657,2.307436492,220.6991473,2.568776118
2018/1/20 22:00,19.77047608,8.680198113,2.294069541,220.8152705,2.601507049
2018/1/20 23:00,19.74502584,8.717547912,2.286490762,220.8511018,2.647476197
2018/1/21 0:00,19.91407086,8.787832732,2.286091006,220.9212904,2.705824591
2018/1/21 1:00,19.93530624,8.867999614,2.294571947,221.0878987,2.78701502
2018/1/21 2:00,19.90965329,8.91709188,2.303818693,221.2943124,2.882868221
2018/1/21 3:00,19.84555548,8.936375788,2.309954282,221.5548876,2.981909143
2018/1/21 4:00,19.78491991,9.036979642,2.3058915,221.8249917,3.06914674
2018/1/21 5:00,19.56133075,9.133534283,2.298219727,222.0953039,3.152977256
2018/1/21 6:00,19.32550203,9.169225192,2.300284403,222.4240347,3.23743451
2018/1/21 7:00,19.02753442,9.235008088,2.307969727,222.7982328,3.320494987
2018/1/21 8:00,18.71279188,9.323763523,2.315769049,223.2837809,3.401416765
2018/1/21 9:00,18.5012443,9.368116244,2.331089896,223.7874375,3.484512305
2018/1/21 10:00,18.32963856,9.452026353,2.346767814,224.3630718,3.567939339
2018/1/21 11:00,18.13264538,9.503478725,2.360699507,225.0276098,3.651244751
2018/1/21 12:00,17.81126197,9.5850697,2.382872625,225.8580447,3.731694274
2018/1/21 13:00,17.42747428,9.673229835,2.388444658,226.6641737,3.814500668
2018/1/21 14:00,17.16832037,9.744876406,2.386706055,227.4428656,3.889783843
2018/1/21 15:00,17.03759184,9.818601101,2.386727059,228.2107045,3.959541228
2018/1/21 16:00,16.98852223,9.966619604,2.379899858,228.9250127,4.024466638
2018/1/21 17:00,17.04879908,10.07059054,2.37863893,229.6558098,4.087724757
2018/1/21 18:00,17.2056138,10.06561324,2.386215676,230.4615537,4.14890736
2018/1/21 19:00,17.34030133,10.13484241,2.385588091,231.2242449,4.207908578
2018/1/21 20:00,17.39235223,10.17461367,2.384917482,231.9668146,4.267200974
2018/1/21 21:00,17.42303629,10.18437836,2.382126808,232.735766,4.334319965
2018/1/21 22:00,17.45121224,10.21923624,2.39596144,233.7947129,4.430239397
2018/1/21 23:00,17.49052097,10.37798527,2.426523014,234.8674025,4.559318821
2018/1/22 0:00,17.83577268,10.42323499,2.477906155,235.828453,4.705391126
2018/1/22 1:00,18.38785979,10.37446241,2.57284432,236.4464765,4.867252638
2018/1/22 2:00,18.77664118,10.38563818,2.673081972,237.3210677,5.05033649
2018/1/22 3:00,19.19074715,10.31674645,2.790088404,238.3771585,5.24221821
2018/1/22 4:00,19.64698203,10.20620993,2.896639333,239.3599391,5.429967698
2018/1/22 5:00,19.98565648,10.11666444,3.002442073,240.2024729,5.614343306
2018/1/22 6:00,20.2817425,10.0666312,3.121957656,241.1962059,5.802762048
2018/1/22 7:00,20.59637899,10.06292679,3.241080935,242.2386268,5.989155751
2018/1/22 8:00,20.84589073,10.01760276,3.353558089,243.3717142,6.172623268
2018/1/22 9:00,21.22040239,9.991394454,3.462741823,244.5434646,6.351176657
2018/1/22 10:00,21.61399422,10.00309855,3.575855031,245.7648461,6.526599069
2018/1/22 11:00,22.044199,10.00206884,3.688909799,247.0152302,6.699486075
2018/1/22 12:00,22.51391749,9.992661051,3.800091809,248.1313619,6.857047153
2018/1/22 13:00,22.94631082,10.0493388,3.901638664,249.1987235,7.019244053
2018/1/22 14:00,23.45915773,10.08174606,3.998386236,250.2443835,7.169820906
2018/1/22 15:00,24.06212257,10.07992092,4.096149631,251.3438667,7.314432743
2018/1/22 16:00,24.69003564,10.0450726,4.197179513,252.3758012,7.465398342
2018/1/22 17:00,25.34932336,10.01521275,4.293706711,253.4059886,7.626933442
2018/1/22 18:00,26.19590259,9.93365154,4.38648856,254.2489736,7.79076816
2018/1/22 19:00,27.26414751,9.831924268,4.471523598,254.7328666,7.95319492
2018/1/22 20:00,28.4464529,9.674406928,4.543819269,254.585831,8.10099702
2018/1/22 21:00,29.48024594,9.546023202,4.605238169,253.8914,8.224450038
2018/1/22 22:00,30.10586595,9.427748543,4.660112067,252.7889193,8.340005319
2018/1/22 23:00,30.60311463,9.351605905,4.708480772,251.2956564,8.448707143
2018/1/23 0:00,31.11921267,9.213768432,4.756221215,249.7865362,8.558829458
2018/1/23 1:00,31.67505896,9.13122858,4.811693055,247.5471276,8.676843751
2018/1/23 2:00,32.1130269,9.068847031,4.875723924,245.0487624,8.804536562
2018/1/23 3:00,32.53454728,9.107713036,4.938925129,242.2385072,8.939422792
2018/1/23 4:00,33.22552979,9.042620817,4.993817999,243.1859094,9.081407754
2018/1/23 5:00,33.97141586,8.968744392,5.046039613,243.9366568,9.218210106
2018/1/23 6:00,34.57397226,8.912362278,5.106661032,244.7918844,9.347573426
2018/1/23 7:00,35.12184363,8.957743998,5.164911181,245.683145,9.469616454
2018/1/23 8:00,35.67741148,8.987799836,5.217873701,246.907154,9.579596652
2018/1/23 9:00,36.3691065,9.038519073,5.266608284,247.7835644,9.6754507
2018/1/23 10:00,36.97958496,9.071423886,5.313466382,248.4764767,9.757485361
2018/1/23 11:00,37.69194242,9.078827789,5.366954175,248.8731116,9.832931318
2018/1/23 12:00,38.18469669,9.149464341,5.419517616,249.3510771,9.894138143
2018/1/23 13:00,38.72302124,9.33232404,5.46619125,250.1387229,9.956191233
2018/1/23 14:00,39.14343567,9.487481759,5.504284003,250.7029685,9.999767599
2018/1/23 15:00,39.60304987,9.62940515,5.547585113,250.8116146,10.01943936
2018/1/23 16:00,40.18198851,9.741861488,5.587158153,250.8990077,10.02465127
2018/1/23 17:00,41.02677014,9.864539166,5.620014771,250.4021504,10.01383717
2018/1/23 18:00,41.7833649,9.975802062,5.642385565,249.3701583,10.00062284
2018/1/23 19:00,42.33014045,10.03172121,5.657732498,248.4546191,9.991515332
2018/1/23 20:00,42.86508932,10.14288586,5.668121601,247.1013023,9.978263396
2018/1/23 21:00,43.35340586,10.33328588,5.679803306,245.2744918,9.941310965
2018/1/23 22:00,43.82203524,10.48984167,5.688232245,243.4599554,9.894264168
2018/1/23 23:00,44.42739071,10.50005796,5.69780625,241.7943555,9.815936066
2018/1/24 0:00,45.08807349,10.4615438,5.699439663,239.8813817,9.708527015
2018/1/24 1:00,45.49355446,10.53553063,5.707765275,237.9073796,9.59204772
2018/1/24 2:00,45.79022745,10.61984524,5.713193498,236.0936745,9.48211783
2018/1/24 3:00,46.03944638,10.72443079,5.715546473,234.5090999,9.397429361
2018/1/24 4:00,46.36129705,10.79165151,5.703163499,232.8799376,9.330512112
2018/1/24 5:00,46.68646826,10.78524539,5.700085711,231.1389968,9.284057158
2018/1/24 6:00,46.85630127,10.82134148,5.689648163,229.4321877,9.243218957
2018/1/24 7:00,46.88301127,10.85573567,5.674105078,228.0469259,9.206761648
2018/1/24 8:00,46.84305805,10.95794903,5.659112337,227.4737192,9.185088734
2018/1/24 9:00,46.76689636,11.00682583,5.645615973,227.5711017,9.179014125
2018/1/24 10:00,46.60985557,11.08898372,5.640822618,227.9957487,9.190363152
2018/1/24 11:00,46.5530965,10.95856882,5.624929746,228.4443845,9.201101194
2018/1/24 12:00,46.58181509,10.8607895,5.609084642,229.4324687,9.186370497
2018/1/24 13:00,46.57167268,10.71851457,5.584897156,230.3495642,9.17519035
2018/1/24 14:00,46.58333393,10.64500506,5.558342466,231.2247261,9.159846636
2018/1/24 15:00,46.30527044,10.58862835,5.533222158,232.3710148,9.128278048
2018/1/24 16:00,46.06623694,10.59039591,5.49199792,233.5113626,9.067791462
2018/1/24 17:00,45.70548666,10.60587866,5.449468713,234.5422065,9.001788573
2018/1/24 18:00,45.27939445,10.61864238,5.400791891,235.6240545,8.921825872
2018/1/24 19:00,44.73151768,10.63458271,5.348255384,236.727632,8.82973987
2018/1/24 20:00,44.1293687,10.64321276,5.278582354,237.7892662,8.708328492
2018/1/24 21:00,43.38692956,10.71690101,5.191495683,238.7073584,8.544169056
2018/1/24 22:00,42.45605072,10.83465774,5.110522242,239.9152802,8.391489924
2018/1/24 23:00,41.4267005,10.93189106,5.027046424,241.0492514,8.245401527
2018/1/25 0:00,40.4403395,11.07825104,4.948010617,242.2674942,8.116276706
2018/1/25 1:00,39.55077886,11.21534294,4.874783649,243.4716418,7.992342117
2018/1/25 2:00,38.73514832,11.36442525,4.793853232,244.6105964,7.870048564
2018/1/25 3:00,37.87227523,11.55015997,4.698829187,245.7546581,7.741865712
2018/1/25 4:00,37.0244892,11.72056578,4.599641743,246.4028398,7.583661806
2018/1/25 5:00,36.27030818,11.85761154,4.5245659,246.6778675,7.402118541
2018/1/25 6:00,35.51871066,11.94254095,4.462418969,247.0342749,7.215097932
2018/1/25 7:00,34.74391466,12.08852024,4.399967477,247.5655025,7.043814696
2018/1/25 8:00,33.83739764,12.23342187,4.328471489,248.0554974,6.871201591
2018/1/25 9:00,32.98404814,12.40576121,4.257739105,248.4672923,6.703913212
2018/1/25 10:00,32.2038019,12.56108936,4.181815472,248.4929446,6.532537151
2018/1/25 11:00,31.37445303,12.79078408,4.109833508,248.6696883,6.365947161
2018/1/25 12:00,30.61798191,12.95733783,4.019870452,249.1068953,6.190224253
2018/1/25 13:00,29.95382696,13.09772164,3.931851636,249.2326154,6.006283295
2018/1/25 14:00,29.45702737,13.2171077,3.847827847,249.3570304,5.821549769
2018/1/25 15:00,29.06584595,13.29982306,3.762722682,249.5520378,5.645357486
2018/1/25 16:00,28.70759493,13.31144145,3.668508484,249.59638,5.470918035
2018/1/25 17:00,28.34347247,13.37938261,3.585833027,249.7126181,5.317180732
2018/1/25 18:00,27.94653033,13.4459933,3.50647047,249.8176554,5.17314634
2018/1/25 19:00,27.56814192,13.51413437,3.429540669,249.9305894,5.040130158
2018/1/25 20:00,27.06788782,13.60986554,3.359231417,250.0083869,4.915686557
2018/1/25 21:00,26.44396543,13.7330152,3.286656932,250.0510781,4.790036063
2018/1/25 22:00,25.85184357,13.84786794,3.206494184,250.1102558,4.66858437
2018/1/25 23:00,25.32053644,13.98990253,3.123125759,250.2156622,4.552858515
2018/1/26 0:00,24.75724677,14.14237362,3.03596371,250.3981364,4.436529129
2018/1/26 1:00,24.11479211,14.26912681,2.958681243,250.6330113,4.336054502
2018/1/26 2:00,23.6703026,14.34187962,2.887387844,250.9123903,4.252092879
2018/1/26 3:00,23.32139204,14.43304763,2.82723868,251.2461182,4.181539877
2018/1/26 4:00,22.99857643,14.55800457,2.775648546,251.6937848,4.119124296
2018/1/26 5:00,22.57389873,14.67880493,2.728747254,252.174797,4.068309791
2018/1/26 6:00,22.10405432,14.70983857,2.687730855,252.7046475,4.027500555
2018/1/26 7:00,21.57475809,14.843568,2.645063936,253.3354545,4.00353158
2018/1/26 8:00,21.02619299,14.88608804,2.601631719,254.009021,3.99312232
2018/1/26 9:00,20.46383905,14.91008207,2.561984657,254.5860231,3.995688386
2018/1/26 10:00,19.92098157,14.9621622,2.519971407,255.1758076,3.998660307
2018/1/26 11:00,19.41476954,14.94591672,2.486903562,255.7641677,4.003466196
2018/1/26 12:00,19.05148025,14.99764698,2.459419946,256.1890077,4.01044229
2018/1/26 13:00,18.88889603,15.06643034,2.420773292,256.4618146,4.023795013
2018/1/26 14:00,18.82450903,15.08659186,2.39419997,256.6618512,4.049022544
2018/1/26 15:00,18.80155736,15.0913604,2.382216414,256.8668161,4.086462813
2018/1/26 16:00,18.83624274,15.04753903,2.380379735,257.0914984,4.132687737
2018/1/26 17:00,18.89911533,14.93982535,2.395058092,257.2838405,4.189130512
2018/1/26 18:00,19.04628616,14.82727128,2.405751754,257.4418471,4.254541728
2018/1/26 19:00,19.28244416,14.75253484,2.423481814,257.668313,4.325397597
2018/1/26 20:00,19.56758489,14.57222243,2.470382767,257.9094575,4.404732205
2018/1/26 21:00,19.82912785,14.43295996,2.529537959,258.0396591,4.495374679
2018/1/26 22:00,20.07951668,14.26266874,2.606366804,258.1626741,4.594888026
2018/1/26 23:00,20.34966844,14.20693914,2.687130881,258.1716454,4.700937734
2018/1/27 0:00,20.69631438,14.07517098,2.775043999,258.0733137,4.809996629
2018/1/27 1:00,21.04477299,13.98583355,2.882629214,258.0235353,4.927058959
2018/1/27 2:00,21.43521282,13.95376683,2.974940672,258.0950998,5.047972505
2018/1/27 3:00,21.9378782,13.87460526,3.075875018,258.0709113,5.166671635
2018/1/27 4:00,22.52619475,13.80412807,3.163121762,258.0051287,5.308100834
2018/1/27 5:00,23.11429491,13.75793066,3.25089039,257.9051599,5.45494826
2018/1/27 6:00,23.84610418,13.68774511,3.344287798,257.6933527,5.60938429
2018/1/27 7:00,24.53420425,13.58561509,3.426571967,257.5618314,5.773280326
2018/1/27 8:00,25.23939079,13.45675468,3.504813342,257.5387551,5.939888949
2018/1/27 9:00,25.97349769,13.41474697,3.587883136,257.7333089,6.112803565
2018/1/27 10:00,26.56506347,13.3615042,3.668278116,258.1989454,6.287101238
2018/1/27 11:00,27.10525369,13.25661133,3.753072114,258.4408192,6.451039283
2018/1/27 12:00,27.77144629,13.16556168,3.824742064,259.0085463,6.590120249
2018/1/27 13:00,28.48387581,13.06445112,3.890867421,259.5049077,6.742905588
2018/1/27 14:00,29.33042818,12.86326439,3.960211837,259.9319904,6.896249909
2018/1/27 15:00,30.18885857,12.63823283,4.037567988,260.3001159,7.042388276
2018/1/27 16:00,31.02961295,12.41150197,4.104018572,261.0549452,7.187250978
2018/1/27 17:00,31.9511522,12.16499544,4.166941471,261.6666418,7.332387412
2018/1/27 18:00,32.83401223,11.89341213,4.220118436,262.172817,7.470724762
2018/1/27 19:00,33.5263553,11.66319537,4.27220725,262.6367581,7.604131723
2018/1/27 20:00,33.9486251,11.44797262,4.325511087,262.881016,7.710594062
2018/1/27 21:00,34.23915849,11.24554467,4.392262335,263.1971438,7.791261758
2018/1/27 22:00,34.55637235,11.02537588,4.459535638,263.5161724,7.860113253
2018/1/27 23:00,34.9246596,10.87238868,4.517709902,263.6146778,7.919590114
2018/1/28 0:00,35.30837784,10.69123687,4.576385555,263.6441176,7.982986623
2018/1/28 1:00,35.52015271,10.59939101,4.633127301,263.8307698,8.064540898
2018/1/28 2:00,35.79538089,10.49473195,4.682707979,264.0968226,8.154848152
2018/1/28 3:00,36.1891443,10.34639085,4.722166343,264.4104563,8.2486526
2018/1/28 4:00,36.71017983,10.15068725,4.757057485,264.6090074,8.333257052
2018/1/28 5:00,37.10823729,9.992886212,4.811590405,264.6436262,8.399149162
2018/1/28 6:00,37.4939362,9.8293724,4.863580635,264.9500489,8.473801704
2018/1/28 7:00,37.73251014,9.741596672,4.904333973,264.8940692,8.529441408
2018/1/28 8:00,37.79587113,9.618038819,4.955961373,264.6233092,8.572533831
2018/1/28 9:00,38.02232199,9.476552457,4.991996565,264.5780855,8.606843294
2018/1/28 10:00,38.16301409,9.430887629,4.990794415,263.6657615,8.616008734
2018/1/28 11:00,38.25886094,9.378535205,4.969372873,262.4504549,8.599238768
2018/1/28 12:00,38.15943326,9.414254972,4.933464722,261.3970796,8.568069429
2018/1/28 13:00,38.03875143,9.322234778,4.89312791,260.1322036,8.532989926
2018/1/28 14:00,37.89324155,9.151253965,4.857017679,258.8603719,8.490478336
2018/1/28 15:00,37.8765767,9.009384479,4.831988502,257.8775625,8.453078042
2018/1/28 16:00,37.84466841,8.941221708,4.800405516,257.1344977,8.421550616
2018/1/28 17:00,37.73626234,8.842367705,4.772796891,256.4451429,8.391603245
2018/1/28 18:00,37.53875851,8.752839461,4.74589648,256.0433572,8.361429232
2018/1/28 19:00,37.43701645,8.640642608,4.710226489,255.8196773,8.320797854
2018/1/28 20:00,37.45514476,8.538839625,4.679508401,255.6594697,8.277614807
2018/1/28 21:00,37.36649273,8.434782907,4.646904849,255.6174677,8.227382322
2018/1/28 22:00,37.38525006,8.290224018,4.608570209,255.6817201,8.172877859
2018/1/28 23:00,37.46565193,8.163135238,4.56721334,255.7320398,8.121471511
2018/1/29 0:00,37.33765745,8.030375099,4.531588576,255.5669318,8.1078332
2018/1/29 1:00,37.27601539,7.952323994,4.512529834,255.5837058,8.124304533
2018/1/29 2:00,37.12836337,7.783102191,4.496186896,255.7945592,8.160071075
2018/1/29 3:00,37.20005065,7.629927253,4.480914833,256.0754575,8.200839659
2018/1/29 4:00,37.38334666,7.443426741,4.468639929,256.1840992,8.23616037
2018/1/29 5:00,37.46843037,7.300271585,4.462525006,256.6500438,8.264007324
2018/1/29 6:00,37.50143084,7.193689804,4.455306517,257.4030232,8.281571891
2018/1/29 7:00,37.4018577,7.037886796,4.44732849,258.3680245,8.291207384
2018/1/29 8:00,37.23231479,6.938122746,4.420585102,259.6375585,8.289628175
2018/1/29 9:00,36.98498924,6.805649592,4.394673919,260.5572684,8.275041966
2018/1/29 10:00,36.67736128,6.742283897,4.356677208,261.022059,8.242083546
2018/1/29 11:00,36.25791489,6.695054562,4.315992981,261.3015323,8.186667604
2018/1/29 12:00,35.75195669,6.754864543,4.285647377,261.6148779,8.10795228
2018/1/29 13:00,35.14299125,6.855808754,4.257645941,261.3871939,8.041924829
2018/1/29 14:00,34.50771503,6.936839519,4.224820829,260.9887873,7.957821766
2018/1/29 15:00,33.91712209,7.039641817,4.194477089,260.5230988,7.86622716
2018/1/29 16:00,33.64472688,7.063217482,4.164884248,259.7624097,7.773485455
2018/1/29 17:00,33.3511274,7.067046936,4.139483941,258.9202053,7.677527233
2018/1/29 18:00,33.18510781,7.095638005,4.110921998,258.2900113,7.577380035
2018/1/29 19:00,33.14092306,7.068391812,4.078200553,257.7743397,7.469598837
2018/1/29 20:00,33.01777083,7.055128607,4.035460457,257.0861422,7.334973973
2018/1/29 21:00,32.70254439,7.11427512,3.9985873,256.1969141,7.185889095
2018/1/29 22:00,32.34164953,7.15391421,3.966826965,255.2631804,7.048455093
2018/1/29 23:00,32.06276605,7.115652766,3.935454359,254.312487,6.914028244
2018/1/30 0:00,31.86717457,7.096018246,3.910548666,253.4482901,6.788918099
2018/1/30 1:00,31.7615037,7.060153195,3.892617204,252.6114457,6.663842509
2018/1/30 2:00,31.66428827,7.012888674,3.882439329,251.8252399,6.546065021
2018/1/30 3:00,31.47840213,6.97082426,3.89548241,251.2116615,6.442447731
2018/1/30 4:00,31.45474775,6.899935368,3.923826519,250.7456631,6.354704341
2018/1/30 5:00,31.33242274,6.844933339,3.936359232,250.026377,6.273292691
2018/1/30 6:00,31.13371189,6.771966751,3.927534094,249.4818018,6.201904096
2018/1/30 7:00,30.89457633,6.756121681,3.903461961,249.0444718,6.134687029
2018/1/30 8:00,30.57684749,6.716324368,3.870950727,248.6895506,6.057120498
2018/1/30 9:00,30.19814929,6.72680793,3.8437693,248.5057379,5.986614247
2018/1/30 10:00,29.71473839,6.767244879,3.80830122,248.313288,5.909831475
2018/1/30 11:00,29.31499272,6.777429541,3.776037631,248.395542,5.831205758
2018/1/30 12:00,29.03438258,6.767548624,3.762412024,248.7922796,5.762818726
2018/1/30 13:00,28.76300569,6.775539738,3.757090347,248.942142,5.709633291
2018/1/30 14:00,28.51686976,6.701249013,3.746799151,249.1192573,5.650533997
2018/1/30 15:00,28.21430952,6.669724733,3.733413059,249.3654263,5.587406476
2018/1/30 16:00,27.91973282,6.657644884,3.717820682,249.5999614,5.512313016
2018/1/30 17:00,27.69395284,6.680543755,3.706897498,249.9505569,5.433317524
2018/1/30 18:00,27.53830951,6.668929232,3.692436297,250.1908815,5.351244074
2018/1/30 19:00,27.54222559,6.648007392,3.678016766,250.394213,5.270072956
2018/1/30 20:00,27.61476913,6.625394329,3.654138245,250.4452467,5.184376117
2018/1/30 21:00,27.66927652,6.584990195,3.628757925,250.4546603,5.098849514
2018/1/30 22:00,27.77495005,6.548964256,3.612414819,250.6584812,5.018599022
2018/1/30 23:00,27.74887091,6.487342448,3.601081037,250.9409341,4.940718105
2018/1/31 0:00,27.64030242,6.391366501,3.598176872,251.1885658,4.869536672
2018/1/31 1:00,27.55445654,6.32962812,3.610391474,251.5852386,4.817403817
2018/1/31 2:00,27.5025698,6.242175513,3.620195,252.0676539,4.761336238
2018/1/31 3:00,27.39277157,6.18897342,3.646548964,252.6558567,4.71313184
2018/1/31 4:00,27.24348521,6.149110306,3.682128163,253.5869613,4.689511806
2018/1/31 5:00,27.12405113,6.076581848,3.710207518,254.4996455,4.67300236
2018/1/31 6:00,27.03285841,5.982161454,3.741753069,255.4666698,4.665408675
2018/1/31 7:00,27.01889887,5.89938696,3.767990155,256.5087709,4.657430987
2018/1/31 8:00,27.11511154,5.70851721,3.797709529,257.5493239,4.63759255
2018/1/31 9:00,27.22270107,5.630938936,3.828286178,258.5762959,4.611560254
2018/1/31 10:00,27.40162266,5.56844373,3.859372856,259.5739225,4.582407315
2018/1/31 11:00,27.56643395,5.532298829,3.894704239,260.8188231,4.560952404
2018/1/31 12:00,27.78217043,5.510008759,3.922151267,262.3571078,4.550786217
2018/1/31 13:00,28.00654755,5.471997102,3.950714735,263.929623,4.552931183
2018/1/31 14:00,28.24031027,5.355855656,3.990996326,265.4516804,4.563567084
2018/1/31 15:00,28.47811242,5.253889503,4.036245742,267.069327,4.57531773
2018/1/31 16:00,28.75083591,5.184990926,4.089231976,268.6963055,4.584581416
2018/1/31 17:00,29.00633073,5.14797035,4.136452057,269.9202692,4.584595136
2018/1/31 18:00,29.33662593,5.105360921,4.187706463,271.0617722,4.577522152
2018/1/31 19:00,29.63995464,5.108656193,4.25300402,272.2474438,4.566395702
2018/1/31 20:00,29.76712511,5.144588018,4.318646959,273.7166035,4.559202621
2018/1/31 21:00,29.77997734,5.223044096,4.377764038,275.6676942,4.551833715
2018/1/31 22:00,29.75503806,5.302046348,4.437478212,278.0784944,4.537796155
2018/1/31 23:00,29.76941588,5.3669474,4.492917191,280.4080393,4.52278207
2018/2/1 0:00,29.74714177,5.386838009,4.547731804,282.8560893,4.512372641
2018/2/1 1:00,29.82711608,5.36749588,4.600506641,285.5321708,4.513234151
2018/2/1 2:00,29.80235664,5.341785083,4.634321828,288.3534468,4.522997363
2018/2/1 3:00,29.70975012,5.328622245,4.650583628,291.3290942,4.541367541
2018/2/1 4:00,29.62209859,5.275815902,4.650101887,294.141596,4.565367344
2018/2/1 5:00,29.43578053,5.269836828,4.641416663,296.6816717,4.567476061
2018/2/1 6:00,29.16305526,5.249754133,4.633162025,299.2685249,4.559731452
2018/2/1 7:00,28.93474942,5.228063263,4.621365305,302.295126,4.549602191
2018/2/1 8:00,28.70642521,5.117251198,4.603241418,305.1785188,4.527759042
2018/2/1 9:00,28.35811462,5.053558259,4.583955695,307.847776,4.498656919
2018/2/1 10:00,27.91842344,5.044383333,4.553891446,310.128371,4.440477404
2018/2/1 11:00,27.56170124,4.965056855,4.522960944,311.9525978,4.377214373
2018/2/1 12:00,27.22934549,4.905690436,4.484490285,313.5616018,4.316579573
2018/2/1 13:00,26.73054307,4.908988768,4.446008107,314.5106113,4.271194985
2018/2/1 14:00,26.07671128,4.977980178,4.405634707,315.1701094,4.211019735
2018/2/1 15:00,25.3290021,5.090379921,4.363356534,315.6255575,4.139811538
2018/2/1 16:00,24.42277991,5.238363775,4.312393815,315.9605692,4.06927683
2018/2/1 17:00,23.54149502,5.385991913,4.264719772,315.669694,3.988802915
2018/2/1 18:00,22.73354954,5.515088616,4.217737343,315.3454584,3.895893685
2018/2/1 19:00,21.92427046,5.678382984,4.169059504,315.0304169,3.796680325
2018/2/1 20:00,21.12735825,5.816966287,4.106889198,314.1333346,3.653090916
2018/2/1 21:00,20.29536239,5.987459834,4.024581145,313.0767569,3.485442587
2018/2/1 22:00,19.4421289,6.195984308,3.922600316,311.6864494,3.329939749
2018/2/1 23:00,18.54076073,6.439729216,3.82371557,310.1995464,3.198878648
2018/2/2 0:00,17.81585361,6.616154577,3.739997358,308.6251435,3.091260233
2018/2/2 1:00,17.19596209,6.790821686,3.66188404,306.9000093,3.000905043
2018/2/2 2:00,16.83039575,6.911404586,3.597352458,304.9319826,2.917324882
2018/2/2 3:00,16.40975709,7.033578043,3.53940941,302.7138384,2.838831796
2018/2/2 4:00,15.97638648,7.188492426,3.485254565,300.2017457,2.759865946
2018/2/2 5:00,15.44514618,7.347527013,3.428424061,297.438867,2.685302333
2018/2/2 6:00,14.79186765,7.524441907,3.360545702,294.4800535,2.624615361
2018/2/2 7:00,14.26139683,7.710271547,3.299440002,290.9323833,2.555723212
2018/2/2 8:00,13.857656,7.8429437,3.235177748,287.5374703,2.505171938
2018/2/2 9:00,13.51900377,8.015889145,3.147085756,284.0113976,2.462053937
2018/2/2 10:00,13.03558804,8.238372245,3.068369585,279.8680354,2.426486087
2018/2/2 11:00,12.59669902,8.372372912,3.019621789,276.3548034,2.414407335
2018/2/2 12:00,12.17363555,8.493955881,2.990824735,272.8564397,2.406419653
2018/2/2 13:00,11.94962898,8.540499764,2.966103507,269.1289769,2.41306527
2018/2/2 14:00,11.8164641,8.703563594,2.948819955,265.2685862,2.426776588
2018/2/2 15:00,11.81011535,8.870446796,2.931701219,261.3043594,2.441077887
2018/2/2 16:00,11.75767405,8.998055251,2.90923472,257.1919822,2.449490056
2018/2/2 17:00,11.86787152,9.0029997,2.887728484,252.927789,2.444845255
2018/2/2 18:00,12.08303288,9.089471152,2.858602647,248.3559834,2.434839818
2018/2/2 19:00,12.3629192,9.124731562,2.834875728,243.6836508,2.43031613
2018/2/2 20:00,12.5727491,9.157305639,2.814725616,238.943841,2.421697306
2018/2/2 21:00,12.68172097,9.172265181,2.790078071,234.0912355,2.39980622
2018/2/2 22:00,12.79480463,9.192764064,2.764434014,229.189317,2.373896053
2018/2/2 23:00,12.7750376,9.217589128,2.739525611,224.1774685,2.336968184
2018/2/3 0:00,12.67212715,9.227491577,2.722146186,219.1413885,2.305826285
2018/2/3 1:00,12.7284896,9.257477569,2.707263377,214.2055376,2.268237124
2018/2/3 2:00,12.81212605,9.246044864,2.68545546,209.1392092,2.234338428
2018/2/3 3:00,13.09247691,9.227676549,2.675562835,204.1241319,2.213443007
2018/2/3 4:00,13.18052522,9.165245215,2.665477786,199.1836723,2.203248024
2018/2/3 5:00,13.16315154,9.124146833,2.655701023,194.1606897,2.189363082
2018/2/3 6:00,13.11798246,9.094246213,2.654791237,189.1314588,2.178735989
2018/2/3 7:00,13.02236487,9.060929875,2.64650865,183.9436965,2.163843356
2018/2/3 8:00,13.00415658,9.042689618,2.635333416,178.7715598,2.148476774
2018/2/3 9:00,13.01513146,8.989813148,2.626254703,173.539863,2.129398044
2018/2/3 10:00,13.09407657,8.987554353,2.615837651,168.381478,2.107551676
2018/2/3 11:00,13.24857263,8.989078002,2.618320378,163.1627845,2.079434209
2018/2/3 12:00,13.50116731,8.950644777,2.618492985,157.8962785,2.029174113
2018/2/3 13:00,13.72143494,8.90860866,2.602596725,152.4645097,1.972921223
2018/2/3 14:00,14.06938709,8.889105104,2.591071196,147.1222714,1.919027575
2018/2/3 15:00,14.42398302,8.869909157,2.587403766,141.9822415,1.87751148
2018/2/3 16:00,14.80238261,8.778540515,2.582481846,136.9425621,1.838460835
2018/2/3 17:00,15.04169526,8.719763229,2.572050735,132.1408965,1.802203574
2018/2/3 18:00,15.32534863,8.653603655,2.555826709,127.3990731,1.763131417
2018/2/3 19:00,15.63575277,8.577313296,2.539978047,122.5793199,1.720806492
2018/2/3 20:00,15.75775769,8.547591381,2.516403409,117.3532722,1.6488352
2018/2/3 21:00,15.76922202,8.496488577,2.498336267,112.2246448,1.564812258
2018/2/3 22:00,15.81910934,8.477178124,2.476892535,107.3524183,1.492100739
2018/2/3 23:00,15.88866323,8.463741893,2.465613127,102.5891305,1.427462781
2018/2/4 0:00,15.9696423,8.555220976,2.465234036,97.88791244,1.368814399
2018/2/4 1:00,16.11448475,8.59697811,2.483329635,93.27523998,1.332485149
2018/2/4 2:00,16.24522296,8.637510904,2.504652932,88.77249386,1.303250056
2018/2/4 3:00,16.3928778,8.696224839,2.523676102,84.39984382,1.280669559
2018/2/4 4:00,16.70531584,8.762456234,2.54029853,80.13933234,1.271605921
2018/2/4 5:00,16.93080366,8.74903474,2.546971419,75.76772676,1.264952851
2018/2/4 6:00,17.1825471,8.713567507,2.563566745,67.67502791,1.275543356
2018/2/4 7:00,17.38291894,8.645390347,2.584380352,60.26704565,1.297811501
2018/2/4 8:00,17.47975004,8.578588113,2.604595001,53.21821874,1.316386639
2018/2/4 9:00,17.60000203,8.510674522,2.629418371,46.57798678,1.334553721
2018/2/4 10:00,17.82151823,8.404307718,2.656415164,40.70404381,1.347643891
2018/2/4 11:00,18.09942011,8.270136646,2.68563281,35.43817914,1.351292349
2018/2/4 12:00,18.31587994,8.225313919,2.721098179,30.22443073,1.319554373
2018/2/4 13:00,18.46702625,8.256997522,2.726328556,24.91556612,1.276941996
2018/2/4 14:00,18.65380884,8.322998548,2.735559549,20.16417976,1.23013607
2018/2/4 15:00,18.81814372,8.507403292,2.730765687,15.63098064,1.171542739
2018/2/4 16:00,18.94810748,8.638964935,2.718711496,15.63505951,1.09437444
2018/2/4 17:00,19.12956985,8.761859479,2.717632491,11.47728704,1.027231227
2018/2/4 18:00,19.38411516,8.922277123,2.716415266,11.99125007,0.965388179
2018/2/4 19:00,19.7619409,9.038858051,2.716657322,8.385338413,0.904436284
2018/2/4 20:00,20.02180246,9.142851553,2.728957973,5.272616323,0.855121375
2018/2/4 21:00,20.17036367,9.244632164,2.741233046,6.943714248,0.792220496
2018/2/4 22:00,20.28976689,9.35118123,2.758087028,4.548412068,0.710790722
2018/2/4 23:00,20.33396411,9.402858769,2.773691262,2.642523109,0.625606114
2018/2/5 0:00,20.36047346,9.450642406,2.793530377,1.191267856,0.551121436
2018/2/5 1:00,20.30520352,9.547071866,2.820404703,0.370518786,0.492344319
2018/2/5 2:00,20.24542847,9.600329291,2.848959193,0.016531636,0.444430423
2018/2/5 3:00,20.18370318,9.653198647,2.888313382,0.200970088,0.425442485
2018/2/5 4:00,20.25517785,9.685665502,2.923362734,0.937428243,0.428621229
2018/2/5 5:00,20.35004219,9.730533963,2.946439031,1.915075064,0.428427448
2018/2/5 6:00,20.40072624,9.758441558,2.96964508,3.425571728,0.43724632
2018/2/5 7:00,20.42610306,9.752597487,2.989214868,5.434079094,0.446067901
2018/2/5 8:00,20.41821195,9.85134469,3.011200642,7.910423827,0.461077582
2018/2/5 9:00,20.35791805,9.987693082,3.030648809,10.83240215,0.484227902
2018/2/5 10:00,20.29254706,10.07483108,3.042501596,14.20955944,0.508956753
2018/2/5 11:00,20.20384132,10.12470565,3.050325141,18.06073372,0.533465908
2018/2/5 12:00,20.07484956,10.13573487,3.056390434,22.17115128,0.514132587
2018/2/5 13:00,19.90958429,10.1426698,3.064567661,26.12952678,0.493806819
2018/2/5 14:00,19.72614791,10.16072356,3.071493955,30.28697623,0.466356065
2018/2/5 15:00,19.46297853,10.21173422,3.078461072,34.76034311,0.435771793
2018/2/5 16:00,19.19307811,10.35093375,3.082989672,39.42296992,0.401495023
2018/2/5 17:00,18.7802921,10.51785829,3.084977277,44.33579873,0.364670141
2018/2/5 18:00,18.46382143,10.67768985,3.08819498,49.88471523,0.334502904
2018/2/5 19:00,18.18538868,10.80550631,3.084114581,55.84746502,0.303359481
2018/2/5 20:00,17.87075399,10.88155241,3.071437549,61.94433523,0.237650311
2018/2/5 21:00,17.54640336,10.98118602,3.050146944,67.77964442,0.130087625
2018/2/5 22:00,17.07932752,11.05818951,3.013284967,73.29078713,0.008938968
2018/2/5 23:00,16.50942675,11.12883822,2.969067127,78.45395785,-0.1108827
2018/2/6 0:00,15.86918101,11.33620543,2.927769882,83.6920838,-0.225116073
2018/2/6 1:00,15.41631495,11.38917354,2.883290168,88.79930635,-0.315952666
2018/2/6 2:00,14.91339124,11.44023975,2.846477144,93.79723778,-0.386645075
2018/2/6 3:00,14.50320526,11.5414956,2.813098979,98.63488098,-0.438361234
2018/2/6 4:00,14.06966032,11.60629329,2.783111632,103.4201316,-0.4808879
2018/2/6 5:00,13.71478224,11.68788551,2.756988544,108.2713156,-0.518638151
2018/2/6 6:00,13.32320851,11.74222075,2.731537929,113.1533489,-0.553137498
2018/2/6 7:00,12.90562132,11.80678198,2.699692729,117.9066705,-0.581836306
2018/2/6 8:00,12.2727171,11.9173674,2.660527069,122.2927844,-0.620743141
2018/2/6 9:00,11.53227209,12.15747012,2.619357035,126.526499,-0.667436255
2018/2/6 10:00,10.92395466,12.36162792,2.581493634,130.6053205,-0.715946399
2018/2/6 11:00,10.35441905,12.49809438,2.545011425,134.6123542,-0.744917584
2018/2/6 12:00,9.828152955,12.69477538,2.523341391,138.6418926,-0.765845189
2018/2/6 13:00,9.352554637,12.87809689,2.499646656,142.8232354,-0.788459226
2018/2/6 14:00,8.911177828,12.98787213,2.475579774,147.008339,-0.809582305
2018/2/6 15:00,8.617858501,13.0756228,2.451805596,151.2783771,-0.827333877
2018/2/6 16:00,8.35925171,13.15216605,2.430851736,155.4788049,-0.845883945
2018/2/6 17:00,8.359069416,13.16924532,2.440897488,159.596918,-0.875253193
2018/2/6 18:00,8.647395672,13.16178986,2.432676388,162.9843768,-0.906926125
2018/2/6 19:00,8.963754114,13.19680432,2.419065348,165.9761855,-0.928458446
2018/2/6 20:00,9.442124309,13.20405245,2.40518227,168.7434751,-0.946669569
2018/2/6 21:00,9.896803039,13.21442732,2.39805,171.7997757,-0.936451041
2018/2/6 22:00,10.24031653,13.1925132,2.402832006,174.9821104,-0.895007953
2018/2/6 23:00,10.66731455,13.14418447,2.427964002,178.2165164,-0.818154377
2018/2/7 0:00,11.15283778,13.05649495,2.45182389,181.379753,-0.725325268
2018/2/7 1:00,11.541551,12.9760688,2.487003162,184.5603526,-0.630672523
2018/2/7 2:00,11.95523685,12.89952503,2.523055124,187.8148601,-0.533878538
2018/2/7 3:00,12.38624175,12.82688398,2.561215803,190.9825757,-0.439327596
2018/2/7 4:00,12.79701613,12.7188343,2.608255993,194.2181759,-0.337554437
2018/2/7 5:00,13.20590637,12.63254054,2.652030714,197.4286058,-0.231905502
2018/2/7 6:00,13.64592985,12.56918875,2.699561284,200.6432396,-0.124023857
2018/2/7 7:00,14.06710669,12.49277033,2.744074707,203.8798582,-0.018913746
2018/2/7 8:00,14.31461056,12.39728606,2.780188834,207.081715,0.081000713
2018/2/7 9:00,14.56808158,12.3387637,2.816413233,210.1220396,0.172203524
2018/2/7 10:00,14.95917906,12.24045996,2.856194621,213.1616156,0.260007555
2018/2/7 11:00,15.33707754,12.08951655,2.896732666,216.2694789,0.34476361
2018/2/7 12:00,15.76155345,11.96382472,2.942673526,219.509416,0.419893489
2018/2/7 13:00,16.20465215,11.82249546,2.986473315,222.8425922,0.523101367
2018/2/7 14:00,16.63498582,11.63071724,3.031024682,226.1710102,0.621949187
2018/2/7 15:00,17.09603338,11.42470886,3.077829422,229.5007531,0.717913507
2018/2/7 16:00,17.59112537,11.21732827,3.123022432,232.8797787,0.809111405
2018/2/7 17:00,18.13478404,11.00291111,3.166408914,236.3679424,0.897844362
2018/2/7 18:00,18.58492253,10.81299379,3.21197678,239.8444374,0.989719815
2018/2/7 19:00,18.97752496,10.5551688,3.251621302,243.4184701,1.070918712
2018/2/7 20:00,19.25117842,10.30971714,3.27464746,246.7073752,1.098968424
2018/2/7 21:00,19.43479307,10.06457596,3.303001563,249.9420217,1.109366165
2018/2/7 22:00,19.41715605,9.865620072,3.324004716,253.0410472,1.107606389
2018/2/7 23:00,19.41240755,9.60722933,3.340939157,255.9026008,1.111936127
2018/2/8 0:00,19.39135353,9.35526976,3.360953928,258.7375162,1.152290217
2018/2/8 1:00,19.42032772,9.117223249,3.386912878,261.4702078,1.2015787
2018/2/8 2:00,19.52811781,8.913531089,3.407678887,264.246456,1.253441719
2018/2/8 3:00,19.62927572,8.686889842,3.429572684,266.8044854,1.306943233
2018/2/8 4:00,19.78633438,8.505105707,3.433896324,269.0194887,1.347602899
2018/2/8 5:00,19.9242292,8.315503448,3.4447775,271.0188562,1.375386163
2018/2/8 6:00,20.05000028,8.151701592,3.46350729,272.7814757,1.393325587
2018/2/8 7:00,20.20999267,7.961829666,3.483060307,274.2842177,1.406911049
2018/2/8 8:00,20.38978423,7.778273051,3.498420283,275.7154675,1.417844396
2018/2/8 9:00,20.63936845,7.616259937,3.508644401,276.7803951,1.425437065
2018/2/8 10:00,20.867855,7.488930634,3.511797059,277.4942855,1.429296072
2018/2/8 11:00,21.03071483,7.397246929,3.52536914,277.794764,1.441421745
2018/2/8 12:00,21.12580447,7.233665786,3.535594274,277.9027146,1.462706082
2018/2/8 13:00,21.30520478,7.128231635,3.554022044,277.7837036,1.534154303
2018/2/8 14:00,21.75691662,7.034975498,3.578411102,277.5031259,1.630318332
2018/2/8 15:00,22.00059709,6.951496462,3.604721026,276.9958425,1.737159254
2018/2/8 16:00,22.26894099,6.797738156,3.630982504,276.2622228,1.840035131
2018/2/8 17:00,22.62842383,6.72953508,3.654137737,275.3495185,1.937011547
2018/2/8 18:00,23.18443643,6.65580147,3.67887438,274.1598138,2.022006779
2018/2/8 19:00,23.48600849,6.625057804,3.702746126,272.7112694,2.098072021
2018/2/8 20:00,23.64268047,6.544300502,3.729456314,271.0180812,2.168354171
2018/2/8 21:00,23.84092985,6.463967179,3.759553763,269.3830373,2.240529068
2018/2/8 22:00,24.17063153,6.471400114,3.79369316,267.4867708,2.326502518
2018/2/8 23:00,24.52150339,6.439168879,3.838581439,265.4522733,2.427352509
2018/2/9 0:00,24.94160251,6.336768814,3.889721508,263.2312417,2.543149169
2018/2/9 1:00,25.50669191,6.204727124,3.946866059,260.8332547,2.67553658
2018/2/9 2:00,26.06184961,6.068359083,4.004093441,258.220746,2.809854851
2018/2/9 3:00,26.68004427,5.932288658,4.069956586,255.3863038,2.95930815
2018/2/9 4:00,27.37516789,5.784269402,4.137354728,252.3249121,3.114994944
2018/2/9 5:00,27.94510514,5.643149338,4.188384525,248.8732095,3.253812849
2018/2/9 6:00,28.42722448,5.505871512,4.241251002,245.1895162,3.381119793
2018/2/9 7:00,28.88358835,5.429605714,4.300364863,245.7469545,3.497711393
2018/2/9 8:00,29.37601832,5.412177167,4.348229298,246.1133566,3.596051555
2018/2/9 9:00,29.81623638,5.459845958,4.396226195,246.6079269,3.691430638
2018/2/9 10:00,30.17899553,5.510379447,4.441838949,247.2446882,3.776918959
2018/2/9 11:00,30.37056967,5.617811027,4.490773411,247.6922188,3.850342249
2018/2/9 12:00,30.59830938,5.76520236,4.532873387,247.9526741,3.911429486
2018/2/9 13:00,30.8011174,5.916370886,4.57317124,248.6880159,4.003621017
2018/2/9 14:00,30.99442225,5.989065128,4.62156061,249.7918038,4.094176255
2018/2/9 15:00,31.23101548,5.953917532,4.670583154,250.9370376,4.17751148
2018/2/9 16:00,31.39047374,5.830946932,4.729271003,252.4360877,4.263340781
2018/2/9 17:00,31.7325274,5.686822086,4.794575504,249.5436719,4.357251266
2018/2/9 18:00,32.17576424,5.587302811,4.847548864,251.0169368,4.436843344
2018/2/9 19:00,32.62464141,5.438566872,4.906547711,248.0537876,4.511654942
2018/2/9 20:00,32.987249,5.242568166,4.957010226,249.1854267,4.551880466
2018/2/9 21:00,33.21435981,5.091276325,4.99486465,250.4287783,4.548037719
2018/2/9 22:00,33.24154191,4.937252756,5.035094578,247.1733013,4.536172905
2018/2/9 23:00,33.20247462,4.791308509,5.065029584,248.2289434,4.531225915
2018/2/10 0:00,33.09523848,4.707673805,5.090543889,249.38155,4.539779693
2018/2/10 1:00,33.0188465,4.595369428,5.118490952,250.7815304,4.563223225
2018/2/10 2:00,33.00354727,4.441846233,5.147567158,252.3867033,4.595577945
2018/2/10 3:00,33.08309199,4.289058691,5.18190457,254.2791661,4.643337529
2018/2/10 4:00,33.09377958,4.178405004,5.222240366,256.3971456,4.705219875
2018/2/10 5:00,33.05949886,4.095215962,5.241252865,258.6103576,4.748280792
2018/2/10 6:00,33.08848272,3.949993817,5.250246884,260.8495294,4.758354323
2018/2/10 7:00,32.98459014,3.819728165,5.261708045,262.8667401,4.74944754
2018/2/10 8:00,32.7627675,3.744307447,5.265596188,264.8500934,4.72303954
2018/2/10 9:00,32.48170117,3.625033412,5.265562988,266.5889923,4.687830625
2018/2/10 10:00,32.07866301,3.628280758,5.262676609,268.1858639,4.644869647
2018/2/10 11:00,31.64383126,3.586917621,5.253454762,269.494045,4.584604453
2018/2/10 12:00,31.22115456,3.605738203,5.237097766,270.6742523,4.507805081
2018/2/10 13:00,30.75433166,3.689654261,5.212595895,271.4855324,4.455480818
2018/2/10 14:00,30.25278299,3.78085199,5.18865182,272.2711706,4.383140597
2018/2/10 15:00,29.72997377,3.894982375,5.149675367,273.0906841,4.296634251
2018/2/10 16:00,29.27151862,3.990609104,5.102593676,273.8697711,4.193169072
2018/2/10 17:00,28.86435563,4.042723326,5.049055913,274.5409732,4.075105825
2018/2/10 18:00,28.65920574,4.049890999,4.99060199,275.0490424,3.946189353
2018/2/10 19:00,28.4592605,4.011126958,4.927474977,275.4497845,3.807678379
2018/2/10 20:00,28.13094256,3.987387674,4.855463201,275.6005868,3.658859609
2018/2/10 21:00,27.80923344,3.989451503,4.781661497,275.713682,3.546297253
2018/2/10 22:00,27.58143876,3.98432818,4.719887052,275.8043768,3.484295996
2018/2/10 23:00,27.47247272,3.985392278,4.674150644,275.760026,3.452087289
2018/2/11 0:00,27.59910689,3.999276203,4.644915551,275.5958942,3.443889735
2018/2/11 1:00,27.84332296,3.924630776,4.626780993,275.3002421,3.453233372
2018/2/11 2:00,28.05766343,3.927239697,4.647659475,274.6661238,3.449533419
2018/2/11 3:00,28.36511886,3.948468135,4.638490478,272.5793405,3.43381993
2018/2/11 4:00,28.76288759,3.901571417,4.625683525,270.496517,3.423340882
2018/2/11 5:00,29.1018333,3.89851819,4.626971893,268.5579121,3.419949048
2018/2/11 6:00,29.41685109,3.882602959,4.630543449,266.8346598,3.427309823
2018/2/11 7:00,29.77354559,3.811738112,4.6364236,265.2304867,3.443362429
2018/2/11 8:00,30.19850408,3.742890174,4.649709075,263.7057136,3.472415937
2018/2/11 9:00,30.85904961,3.64207677,4.665893465,262.3181446,3.516626155
2018/2/11 10:00,31.5934876,3.531088541,4.685541679,261.0000925,3.573620458
2018/2/11 11:00,32.22771461,3.426559094,4.706436931,259.7400699,3.638360557
2018/2/11 12:00,32.85807443,3.372876843,4.73380892,258.0080305,3.663992079
2018/2/11 13:00,33.37160015,3.356518153,4.745093748,256.2550197,3.693397238
2018/2/11 14:00,34.01314215,3.337197875,4.758388032,254.6996158,3.735160301
