TIMESTAMP,SW_IN_Fx/Rax,SW_IN_Fx,Rax,Ra,SW_IN_F,TA_F,P_F,WS_F,TA_D,RH,acpcp,apcp,dswrf,gust,spfh,tmax,tmin
20120718,0.146889497,174.468,1187.75,1186.1,215.146,12.395,0,2.833,-0.666,17,0,0,810,42.45613,0.894,22.15,13.65
20120718,0.146889497,174.468,1187.75,1186.1,215.146,12.395,0,2.833,-0.666,26.75,0,0,810,42.45613,0.894,22.15,13.65
20120719,0.181389428,215.146,1186.1,1184.39,214.771,11.729,0,3.165,-1.481,30.45833333,0,0,811,45.54372,1.211,19.95,12.65
20120720,0.181334695,214.771,1184.39,1182.61,216.896,10.248,0,3.216,-0.05,24.86363636,0,0,816,46.42913,1.161405,18.25,10.75
20120721,0.183404504,216.896,1182.61,1180.76,220,10.198,0,3.4,1.957,27.40909091,0,0,830,55.9143,1.357,18.05,10.45
20120722,0.186320675,220,1180.76,1178.84,220.083,12.155,0,3.489,0.584,28.66666667,0,0,831,40.7962,1.415,19.65,11.65
20120723,0.186694547,220.083,1178.84,1176.86,217.833,12.739,0,2.432,2.646,28.125,0,0,826,22.81933,1.54,21.05,12.85
20120724,0.185096783,217.833,1176.86,1174.8,215.375,15.385,0,1.988,1.562,20.625,0,0,822,9.65959,1.712,23.65,15.75
20120725,0.183329077,215.375,1174.8,1172.68,209.792,16.947,0,1.93,-3.923,30.91666667,0,0,824,37.88566,1.518,25.45,18.75
20120726,0.178899615,209.792,1172.68,1170.48,217.021,13.024,0,2.521,-2.475,30.75,0,0,826,29.98531,1.394,20.05,12.05
20120727,0.185411968,217.021,1170.48,1168.21,227.125,10.549,0,3.175,-0.187,35.375,0,0,854,40.43205,1.257,17.85,11.75
20120728,0.19442138,227.125,1168.21,1165.86,225.271,10.362,0,3.078,0.2,35.33333333,0,0,851,39.5835,1.308,18.65,10.85
20120729,0.193223028,225.271,1165.86,1163.44,226.5,10.562,0,3.078,0.669,35.125,0,0,857,43.38408,1.363,18.85,11.55
20120730,0.19468129,226.5,1163.44,1160.95,228.688,11.231,0,3.422,-0.701,32.04166667,0,0,865,47.0918,1.525,18.45,11.85
20120731,0.196983505,228.688,1160.95,1158.38,232.75,10.53,0,3.033,0.432,23.66666667,0,0,880,34.67077,1.074,18.95,10.25
20120801,0.200927157,232.75,1158.38,1155.73,234.771,10.962,0,2.376,2.339,17.75,0,0,894,18.47083,0.825,19.85,10.95
20120802,0.203136546,234.771,1155.73,1153.01,235.417,13.301,0,1.601,2.329,11.20833333,0,0,903,8.132981,0.880079,22.25,14.05
20120803,0.204176026,235.417,1153.01,1150.21,236.729,15.63,0,1.575,1.502,10.66666667,0,0,905,16.2684,0.729,24.75,18.05
20120804,0.205813721,236.729,1150.21,1147.33,234.125,17.132,0,1.877,-0.02,12.04166667,0,0,898,11.07226,0.95,25.25,17.75
20120805,0.204060732,234.125,1147.33,1144.36,236.208,17.112,0,1.819,-0.822,20.375,0,0,904,29.65474,1.135,25.75,18.75
20120806,0.20641057,236.208,1144.36,1141.32,235,16.29,0,2.684,0.434,19.20833333,0,0,896,26.14874,1.263,24.35,17.35
20120807,0.205901938,235,1141.32,1138.2,235.875,16.724,0,2.128,1.002,15.29166667,0,0,906,15.31509,1.074,25.15,17.05
20120808,0.207235108,235.875,1138.2,1134.99,237.5,17.726,0,1.664,0.45,13.95833333,0,0,917,12.24946,1.096011,26.75,19.5
20120809,0.209252945,237.5,1134.99,1131.7,239.75,18.176,0,2.465,-3.552,25.33333333,0,0,918,47.52709,1.707,26.75,21.02
20120810,0.21184943,239.75,1131.7,1128.33,237.917,14.624,0,3.228,-3.2,25.29166667,0,0,918,41.61999,1.091,22.85,14.57
20120811,0.210857639,237.917,1128.33,1124.87,246.396,11.424,0,3.234,-0.219,25.875,0,0,947,38.69656,1.107,20.15,12.25
20120812,0.219043978,246.396,1124.87,1121.33,248.417,11.205,0,2.707,1.62,23.04166667,0,0,952,28.14136,1.044,20.07,11.6
20120813,0.221537817,248.417,1121.33,1117.7,246.417,12.825,0,2.237,3.075,15.29166667,0,0,949,17.28123,0.907,21.85,13.45
20120814,0.220467925,246.417,1117.7,1113.98,248.167,15.9,0,1.751,2.159,11.70833333,0,0,960,10.47758,0.872,24.65,17.7
20120815,0.222775095,248.167,1113.98,1110.19,246.479,18.059,0,1.596,1.151,10.79166667,0,0,956,8.7122,0.952,26.75,20.36
20120816,0.222015151,246.479,1110.19,1106.3,245.292,19.21,0,1.965,-1.281,19.375,0,0,962,26.99334,1.155,28.65,21.51
20120817,0.22172286,245.292,1106.3,1102.33,244.271,17.929,0,2.549,-2.601,26.625,0,0,952,35.25817,1.396,25.25,18.86
20120818,0.221595167,244.271,1102.33,1098.27,226.417,15.328,0,3.161,-0.856,25.45833333,0,0,885,38.68845,1.33,22.95,15.09
20120819,0.206157866,226.417,1098.27,1094.12,249.792,14.472,0,2.434,2,18.20833333,0,0,968,18.85771,1.204,22.45,14.12
20120820,0.228304025,249.792,1094.12,1089.89,252.813,16.472,0,1.782,3.464,13.58333333,0,0,977,20.50048,1.123,25.75,16.45
20120821,0.231961941,252.813,1089.89,1085.56,252.729,19.936,0,2.396,2.212,13.91666667,0,0,981,33.19406,1.253,30.05,22.05
20120822,0.232809794,252.729,1085.56,1081.15,237.375,22.148,0,3.027,-0.798,19.29166667,0,0,982,32.66674,1.493,31.55,24.65
20120823,0.219557878,237.375,1081.15,1076.66,242.5,21.35,0,2.466,-2.898,17.95833333,0,0,982,36.71989,1.326,28.85,23.15
20120824,0.225233593,242.5,1076.66,1072.07,249.042,18.452,0,3.174,0.988,15.91666667,0,0,993,41.34371,1.283,26.75,17.97
20120825,0.23230013,249.042,1072.07,1067.4,239.875,19.44,0,2.456,0.398,18.625,0,0,947,34.788,1.414,28.35,18.95
20120826,0.224728312,239.875,1067.4,1062.64,249.125,19.838,0,3.304,-0.725,18.79166667,0,0,1008,38.78034,1.47,26.65,19.64
20120827,0.234439697,249.125,1062.64,1057.79,263,19.113,0,2.535,0.315,13.875,0,0,1028,18.797,1.091,26.98,18.91
20120828,0.248631581,263,1057.79,1052.86,264.125,19.428,0,1.616,3.898,11.625,0,0,1044,18.69092,1.035,28.55,19.74
20120829,0.250864312,264.125,1052.86,1047.86,256.271,23.326,0,1.657,-2.163,18.45833333,0,0,1034,28.39428,1.445,32.35,25.19
20120830,0.244566068,256.271,1047.86,1042.92,254.917,21.163,0,3.462,-3.674,24.125,0,0,1029,48.63247,1.584,28.65,21.25
20120831,0.244426226,254.917,1042.92,1037.9,259.083,17.489,0,3.775,-0.581,14.58333333,0,0,1037,40.15912,1.139,24.45,16.96
20120901,0.249622314,259.083,1037.9,1032.8,269.229,16.908,0,3.056,0.925,12,0,0,1067,27.71913,0.829,25.95,17.2
20120902,0.260678737,269.229,1032.8,1027.61,275.896,17.833,0,2.121,1.301,11.58333333,0,0,1086,24.84561,0.771,26.75,19.18
20120903,0.268483179,275.896,1027.61,1022.35,275.333,19.134,0,1.968,2.447,11.08333333,0,0,1085,24.78026,0.92,28.35,20.51
20120904,0.269313836,275.333,1022.35,1017.01,268.604,21.581,0,2.011,2.248,13.16666667,0,0,1087,20.93203,1.202,30.95,22.97
20120905,0.264111464,268.604,1017.01,1011.58,262.229,23.829,0,3.347,-0.976,14.75,0,0,1072,27.09419,1.6,32.25,26.46
20120906,0.25922715,262.229,1011.58,1006.08,264.042,22.853,0,2.58,-3.356,18.14285714,0,0,1090,37.92887,1.193,31.85,23.75
20120907,0.262446326,264.042,1006.08,1000.51,286.375,19.497,0,3.883,-3.838,21.91666667,0,0,1117,48.12805,1.21,25.95,18.35
20120908,0.286229023,286.375,1000.51,994.79,296.604,15.659,0,3.678,-0.163,23.58333333,0,0,1142,35.31126,1.000325,24.75,15.35
20120909,0.2981574,296.604,994.79,989.07,279.479,15.496,0,3.248,2.636,14.83333333,0,0,1125,29.95637,0.891,25.25,17.75
20120910,0.282567462,279.479,989.07,983.27,296.313,18.132,0,2.543,2.404,14.5,0,0,1147,24.0922,0.87,27.55,20.54
20120911,0.301354664,296.313,983.27,977.4,296.271,20.536,0,2.23,2.354,11.75,0,0,1157,20.85713,0.88,29.85,23.05
20120912,0.303121547,296.271,977.4,971.46,296.063,22.89,0,1.802,-1.66,16.58333333,0,0,1157,19.09636,1.552,31.55,24.95
20120913,0.304760875,296.063,971.46,965.46,286.979,21.23,0,3.45,-3.462,21.33333333,0,0,1141,46.59091,1.384,28.85,20.65
20120914,0.297245872,286.979,965.46,959.39,288.042,17.768,0,3.111,-0.449,18.3,0,0,1154,35.58783,1.013,25.95,17.55
20120915,0.300234524,288.042,959.39,953.25,301.646,17.319,0,2.435,2.329,15.6,0,0,1172,21.18196,0.879,25.75,18.85
20120916,0.316439549,301.646,953.25,947.05,289.688,19.648,0,2.195,2.055,18,0,0,1152,31.22153,1.295,29.65,21.55
20120917,0.305884589,289.688,947.05,940.78,290.354,21.703,0,1.986,2.424,15.8,0,0,1158,23.043,1.243,30.45,22.85
20120918,0.308631136,290.354,940.78,934.46,283.25,24.127,0,2.721,4.321,12.33333333,0,0,1160,26.72455,1.3,34.85,25.55
20120919,0.303116238,283.25,934.46,928.08,262.542,28.448,0,2.478,0.332,11.8,0,0,1107,17.77645,1.42,36.75,30.55
20120920,0.282887251,262.542,928.08,921.64,284.021,28.78,0,2.842,0.406,12.2,0,0,1173,24.38006,1.389,37.45,31.45
20120921,0.308169133,284.021,921.64,915.15,275.083,29.186,0,2.246,-0.452,16.1,0,0,1174,20.59469,1.645,35.55,29.95
20120922,0.300587882,275.083,915.15,908.61,263.167,28.734,0,2.163,-2.84,15.14285714,0,0,1113,30.46399,1.764,37.17,29.85
20120923,0.289636918,263.167,908.61,902.02,244,25.894,0,3.424,-2.805,23.25,0,0,1023,48.97823,1.733,32.68,27.8
20120924,0.27050398,244,902.02,895.38,253,23.089,0,2.989,2.546,17.25,0,0,1039,32.39548,1.401,30.95,19.75
20120925,0.282561594,253,895.38,888.7,273.729,25.635,0,2.802,0.322,10.31818182,0,0,1182,25.91916,1.268403,34.56,25.81
20120926,0.308010577,273.729,888.7,881.98,154.604,25.957,0,2.526,4.619,16,0,0,1075,18.92923,2.104,36.55,30.25
20120927,0.175291957,154.604,881.98,875.21,253.375,30.576,0,2.463,-1.51,30,0,0,891,25.42093,2.641,36.95,33.54
20120928,0.289501948,253.375,875.21,868.41,253.625,29.066,2.6,4.025,-9.476,61.44444444,0.44,0.4,940,41.27162,2.832,38.29,31.81
20120929,0.292056747,253.625,868.41,861.58,155.813,19.59,1.2,2.883,-1.545,48,1.1,1.2,573,28.92578,2.619,22.16,19.21
20120930,0.180845656,155.813,861.58,854.71,320.167,18.045,0.2,2.945,0.496,32,0,0,1264,38.87845,1.245,27.24,20.45
20121001,0.374591382,320.167,854.71,847.82,314.479,18.541,0,3.157,0.889,25.5,0,0,1266,44.86168,0.927,26.51,20.08
20121002,0.370926612,314.479,847.82,840.9,323.417,19.43,0,3.663,2.318,21,0,0,1292,36.53129,0.991,26.93,20.15
20121003,0.384608158,323.417,840.9,833.95,302.854,21.748,0,2.397,5.064,27.25,0,0,1258,23.84617,2.79,30.77,23.99
20121004,0.363156065,302.854,833.95,826.97,293.917,26.812,0,1.833,3.009,29.33333333,0,0,1230,17.67381,3.011,34.8,28.17
20121005,0.355414344,293.917,826.97,819.99,265.833,29.821,0,2.576,0.4,28.33333333,0,0,953,20.42824,2.979,34.16,30.43
20121006,0.324190539,265.833,819.99,813,260.125,30.221,0,1.934,-0.937,24,0,0,1054,16.75975,2.144,36.24,31.3
20121007,0.31995695,260.125,813,806,282.417,29.284,0,2.444,0.377,21.16666667,0,0,1184,23.88436,1.946405,35.86,29.95
20121008,0.3503933,282.417,806,798.99,284.354,29.661,0,2.141,0.688,16.16666667,0,0,1075,18.59318,1.704,36.13,31.15
20121009,0.355891813,284.354,798.99,791.97,278.757,30.349,0,1.92,-3.077,15.25,0,0,1130,26.2218,1.782,38.04,32.3
20121010,0.351979242,278.757,791.97,784.96,176.167,27.272,0,4.792,-8.007,69.92857143,0,0,1057,54.50861,1.497,31.95,26.57
20121026,0.447340706,304.979,681.76,675.16,113.771,19.963,5,3.232,0.843,45.75,0.48,0.47,870,41.16205,2.479,28.13,22.74
20121103,0.527538369,332.729,630.72,624.65,205,29.829,0,2.99,1.625,38.5,0,0,1094,22.37749,3.11,37.38,30.43
20121105,0.380829535,235.604,618.66,612.76,131.875,29.751,0,2.629,-6.407,60.1,2.17,2.9,822,28.1393,4.29306,35.75,32.36
20121106,0.215214766,131.875,612.76,606.94,155.542,23.344,1.6,3.287,1.946,67.5,2.72,3.4,785,27.77932,4.962,29.12,24.5
20121108,0.498092181,299.458,601.21,595.57,238.688,22.414,23.8,2.602,0.466,73.66666667,3.51,39.92,986,45.9773,3.750044,30.25,26.89
20121201,0.516819156,258.146,499.49,496.58,201.896,28.569,7.8,2.588,-1.464,29.3,1.57,1.6,762,26.78339,4.74713,35.23,32.52
20121204,0.575642827,282.75,491.19,488.71,142.854,27.085,0,3.104,-0.186,44.66666667,0,0,1378,44.4875,2.315092,34.92,30.33
20121218,0.469254017,220.479,469.85,469.45,145.979,24.928,2.2,2.972,-1.533,76.75,19.64,26.2,275,40.34708,5.78483,24.83,23.52
20121219,0.310957503,145.979,469.45,469.2,151.875,23.395,17.8,2.252,1.656,86.25,36.63,36.62,1031,26.26054,6.50454,28.1,26.29
20121220,0.323689258,151.875,469.2,469.11,226.285,25.051,1,2.972,2.956,63.16666667,17.99,18.03,1317,31.39167,6.17141,29.6,25.61
20130113,0.565378145,285.646,505.23,508.55,207.792,31.705,6.8,2.245,2.041,51.5,0.29,0.3,933,21.15729,4.198,39.42,36.63
20130118,0.524706152,274.542,523.23,527.23,162.25,28.178,0,2.003,0.291,44.75,5.45,5.6,424,16.27438,5.60265,28.36,27.42
20130209,0.465020054,296.813,638.28,644.66,139.875,26.585,0.4,2.486,-1.182,40.35714286,1.71,2.03,661,19.84833,4.365423,33.18,29.52
20130210,0.216974839,139.875,644.66,651.11,115.292,25.403,0.6,2.398,0.83,55.5,3.12,4.63,304,35.88461,4.260979,28.49,23.44
20130211,0.177069927,115.292,651.11,657.64,195.729,26.233,0.4,2.851,1.504,34.33333333,0.51,0.5,620,28.87401,3.824,29.28,23.69
20130212,0.29762332,195.729,657.64,664.23,195.583,27.737,0,3.036,2.303,24.16666667,0.36,0.4,1013,25.45349,3.516,33.36,27.73
20130226,0.413867801,312.375,754.77,761.98,241.375,33.449,0,3.736,-3.445,37.33333333,1.62,1.6,725,19.37466,4.130091,37.2,32.81
20130227,0.316773406,241.375,761.98,769.21,201.688,30.004,0,2.944,-3.802,71.5,0.49,0.4,850,35.2767,4.433,35.27,30.15
20130228,0.262201479,201.688,769.21,776.44,212.375,26.202,5.2,3.328,2.297,50,4.42,4.57,673,36.75929,5.257,30.79,26.01
20130301,0.273524033,212.375,776.44,783.7,237.964,28.499,0,2.843,1.725,33.75,0.04,0.1,1043,31.10202,4.007032,34.85,27.09
20130304,0.404259477,322.688,798.22,805.49,326.979,29.68,0,2.499,1.324,36.25,0,0,1275,29.72981,2.900932,36.08,29.51
20130305,0.405938,326.979,805.49,812.75,292.146,31.004,0,2.616,1.303,35,0,0,1004,32.33149,3.238236,36.77,30.71
20130306,0.359453707,292.146,812.75,819.99,307.125,32.307,0,2.753,0.641,30.16666667,0,0,1128,31.10881,3.027,38.35,31.6
20130307,0.374547251,307.125,819.99,827.23,301.479,32.948,0,2.565,-0.181,33.16666667,0,0,1206,37.61582,3.362056,39.44,32.5
20130308,0.364443988,301.479,827.23,834.46,280.375,32.767,0,2.368,-1.722,33.66666667,0,0,972,32.84995,4.324966,37.65,31.53
20130309,0.335995734,280.375,834.46,841.67,237.667,31.045,2.2,2.709,0.218,31.9,0.19,0.5,819,19.30116,4.616,35.04,31.74
20130310,0.282375515,237.667,841.67,848.86,242.813,31.263,0,2.86,0.116,26.83333333,0,0,761,29.80627,3.489,34.64,31.14
20130311,0.286045991,242.813,848.86,856.02,315.813,31.379,0,2.967,0.021,25.83333333,0,0,1237,26.10715,2.573,36.82,30.85
20130312,0.368931801,315.813,856.02,863.17,315.292,31.4,0,2.749,-0.114,23.5,0,0,1241,21.56989,2.267,37.35,31.13
20130313,0.365272194,315.292,863.17,870.28,314.646,31.286,0,3.55,-0.967,26.375,0,0,1230,49.24865,2.598,38.45,31.08
20130314,0.361545709,314.646,870.28,877.35,299.375,30.319,0,3.124,-0.735,22,0,0,1199,37.26253,2.57,35.52,27.76
20130315,0.34122642,299.375,877.35,884.4,307.646,29.584,0,2.664,0.893,21.125,0,0,1215,35.90067,2.007796,36.28,28.37
20130316,0.347858435,307.646,884.4,891.4,311.083,30.477,0,2.927,-0.545,16.125,0,0,1223,48.90526,1.637,37.27,30.81
20130317,0.348982499,311.083,891.4,898.36,310.479,29.932,0,4.04,-2.753,25.125,0,0,1212,45.96274,2.295011,35.79,29.54
20130318,0.345606438,310.479,898.36,905.28,307,27.179,0,3.337,-0.702,16.625,0,0,1200,38.87909,1.5,33.61,25.93
20130319,0.339121598,307,905.28,912.14,311.021,26.477,0,3.087,0.667,14.25,0,0,1222,29.31108,1.33,34.88,26.39
20130320,0.340979455,311.021,912.14,918.96,313.708,27.144,0,2.63,3.001,10.5,0,0,1222,23.32709,1.141,36.87,26.92
20130321,0.341372856,313.708,918.96,925.73,303.167,30.145,0,1.926,1.714,15.64285714,0,0,1188,22.67607,2.281,37.94,30.68
20130322,0.327489657,303.167,925.73,932.44,259.167,31.859,0,2.401,0.12,22.66666667,0,0,1091,29.43549,2.861,38.75,32.03
20130323,0.277944962,259.167,932.44,939.1,248.042,31.979,0,2.948,-2.541,29.6875,3.12,3.1,967,32.28577,3.549,37.85,30.45
20130324,0.264127356,248.042,939.1,945.7,260.917,29.438,1.4,3.003,0.624,24,1.07,1.1,1032,28.61867,3.341,35.35,29.35
20130325,0.275898276,260.917,945.7,952.23,248.417,30.062,0,3.189,0.309,22.2,0.35,0.33,766,18.78565,3.845,35.85,31.25
20130326,0.260879199,248.417,952.23,958.7,233.146,30.371,0,2.485,0.528,26.77272727,0,0,951,20.83968,3.778,37.15,31.35
20130327,0.243189736,233.146,958.7,965.1,233.604,30.899,0,2.144,-5.646,45.86363636,1.74,1.7,1009,32.77439,3.958,37.35,31.55
20130328,0.242051601,233.604,965.1,971.44,173.813,25.253,0,4.943,-0.488,41.375,0.01,0,1071,58.1154,3.992,29.95,24.05
20130329,0.178923042,173.813,971.44,977.71,222.771,24.765,0,4.251,2.803,31.54166667,0,0,906,29.63311,3.609,32.55,23.25
20130330,0.227849771,222.771,977.71,983.9,153.75,27.568,0,2.459,-5.093,42.7,0.07,0.1,665,33.46671,3.268,32.15,26.22
20130331,0.156265881,153.75,983.9,990.01,235.542,22.475,0,4.484,1.694,38.625,0,0,1015,42.29878,3.101,29.15,20.65
20130401,0.237918809,235.542,990.01,996.06,267.938,24.169,0,3.834,-0.49,29.5,0,0,584,33.04687,2.435,25.55,19.85
20130402,0.268997852,267.938,996.06,1002.02,286.313,23.679,0,3.376,0.394,20.375,0,0,1081,45.22282,1.768,30.45,22.85
20130403,0.285735814,286.313,1002.02,1007.91,231.625,24.073,0,3.568,1.109,19.58333333,0,0,848,46.31457,1.849609,29.75,24.25
20130404,0.229807225,231.625,1007.91,1013.71,165.063,25.182,0,3.416,-4.021,55.18181818,0,0.9,764,28.34898,2.396,30.15,24.45
20130405,0.162830593,165.063,1013.71,1019.43,55.813,21.161,5.4,2.914,1.584,45.41666667,0,9.56,34,41.92299,3.901555,22.55,19.57
20130406,0.054749223,55.813,1019.43,1025.07,185.896,22.745,0.8,2.603,3.3,25.08333333,0,0,285,37.73224,2.938,26.15,19.25
20130407,0.181349566,185.896,1025.07,1030.63,241.125,26.045,0,3.068,0.109,21,0,0,925,37.05317,2.472,31.45,26.27
20130408,0.233958841,241.125,1030.63,1036.1,267.479,26.154,0,3.341,-1.149,21.83333333,0,0,1031,35.12248,2.435,31.45,26.45
20130409,0.258159444,267.479,1036.1,1041.48,235.042,25.005,0,3.473,-1.105,18.66666667,0,0,978,44.69275,2.099,30.55,26.26
20130410,0.225680762,235.042,1041.48,1046.78,275.167,23.9,0,3.865,-0.551,18.29166667,0,0,1061,51.0933,1.771,29.85,25.09
20130411,0.262869944,275.167,1046.78,1052.37,271.229,23.349,0,3.71,-0.05,19.54166667,0,0,1056,41.28962,2.063,29.35,24.51
20130412,0.257731596,271.229,1052.37,1057.36,272.729,23.299,0,3.6,0.785,19.95833333,0,0,1045,40.20211,2.509,29.35,24.12
20130413,0.257933911,272.729,1057.36,1062.26,267.979,24.084,0.2,2.58,1.152,17.85,0,0,1032,24.10709,1.937079,30.15,24.92
20130414,0.252272513,267.979,1062.26,1067.07,262.958,25.236,0,2.026,1.386,15.375,0,0,1024,16.51504,1.686,31.45,25.89
20130415,0.246429944,262.958,1067.07,1071.91,261.688,26.622,0,1.875,-1.257,24.25,0,0,1013,28.65059,2.32,32.45,27.14
20130416,0.244132436,261.688,1071.91,1076.67,258.917,25.365,0,2.372,0.671,19.83333333,0,0,999,21.67349,2.301,30.75,24.76
20130417,0.240479441,258.917,1076.67,1081.33,255.021,26.036,0,2.153,0.795,17.08333333,0,0,992,21.3862,2.069,31.25,25.17
20130418,0.235840123,255.021,1081.33,1085.91,253.917,26.831,0,2.662,-0.471,16.54166667,0,0,986,20.07938,2.011,31.95,25.75
20130419,0.23382877,253.917,1085.91,1090.38,252.604,26.36,0,2.119,-0.581,17,0,0,983,24.84136,1.904,33.25,26.94
20130420,0.231666025,252.604,1090.38,1094.77,250,25.779,0,1.913,0.82,16.75,0,0,975,20.84368,2.176,32.45,25.37
20130421,0.228358468,250,1094.77,1099.07,252.063,26.599,0,2.452,0.898,20.41666667,0,0,963,29.60324,2.399,35.15,26.66
20130422,0.22934208,252.063,1099.07,1103.27,194.583,27.497,0,2.193,-3.116,26.45833333,0,0,509,32.15233,2.74,32.05,26.06
20130423,0.176369338,194.583,1103.27,1107.38,217.375,24.381,0,3.02,-1.521,22.79166667,0.02,0,844,36.26674,2.311,29.05,22.84
20130424,0.196296664,217.375,1107.38,1111.4,244.313,22.86,0,2.866,-0.747,21.5,0,0,945,40.61812,1.868,29.05,22.83
20130425,0.219824546,244.313,1111.4,1115.32,248.208,22.113,0,3.385,-1.686,18.20833333,0,0,961,38.92254,1.608,28.95,22.35
20130426,0.222544203,248.208,1115.32,1119.16,252.813,20.427,0,2.956,0.504,15.08333333,0,0,979,33.93337,1.137,27.55,21.34
20130427,0.225895314,252.813,1119.16,1122.9,227.146,20.931,0,2.292,2.065,15.79166667,0,0,850,21.91671,1.544,27.64,21.58
20130428,0.202285155,227.146,1122.9,1126.55,242.458,22.996,0,2.283,0.524,13.25,0,0,937,20.57867,1.629,29.95,24.21
20130429,0.215221695,242.458,1126.55,1130.11,244.229,23.52,0,2.246,-0.26,11.625,0,0,948,22.8281,1.3,31.25,25.07
20130430,0.216110821,244.229,1130.11,1133.58,244.021,23.26,0,2.556,-0.293,10.66666667,0,0,941,32.60919,1.16,31.16,25.22
20130501,0.215265795,244.021,1133.58,1136.96,244.125,22.967,0,2.875,0.584,14.375,0,0,930,38.28254,1.324,31.05,25.18
20130502,0.214717316,244.125,1136.96,1139.83,238.063,23.551,0,3.51,1.011,19.25,0,0,913,40.10076,1.838,31.65,25.45
20130503,0.208858339,238.063,1139.83,1143.45,232.208,24.562,0,2.823,0.242,19.45833333,0,0,894,28.60115,1.966,31.65,25.45
20130504,0.203076654,232.208,1143.45,1146.57,231.333,24.804,0,2.66,-0.218,19.83333333,0,0,896,24.08062,1.912,31.55,25.95
20130505,0.201760904,231.333,1146.57,1149.59,225.708,24.586,0,2.24,0.409,19.125,0,0,884,18.88655,1.926,30.55,25.85
20130506,0.196337825,225.708,1149.59,1152.53,215.917,24.995,0,2.046,-1.117,17.04166667,0,0,851,22.84661,1.815,30.55,25.65
20130507,0.187341761,215.917,1152.53,1155.4,216.479,23.878,0,2.543,-0.921,22.54166667,0,0,856,28.22138,1.778,30.15,24.95
20130508,0.187362818,216.479,1155.4,1158.15,224.021,22.957,0,3.08,0.232,28.75,0,0,865,36.21747,2.494,29.85,24.45
20130509,0.193430039,224.021,1158.15,1160.84,217.625,23.189,0,2.458,1.145,36.08333333,0,0,785,30.15682,2.792,29.75,23.95
20130510,0.187472003,217.625,1160.84,1163.43,149.813,24.334,0,2.4,0.956,30.70833333,0,0,593,30.59085,3.21,28.95,25.05
20130511,0.128768383,149.813,1163.43,1165.95,173.875,25.29,0,2.439,-7.841,83.7,0,0,570,15.04737,2.799,29.25,23.95
20130512,0.149127321,173.875,1165.95,1168.39,28.083,17.449,19.8,3.202,-1.565,71.95,0.06,6.09,88,34.74587,3.678,18.15,17.25
20130513,0.024035639,28.083,1168.39,1170.74,84.521,15.884,5.2,3.258,-1.258,49.125,0,0,679,39.90843,2.308,22.05,17.33
20130514,0.072194509,84.521,1170.74,1173.02,194.625,14.626,0,2.74,-1.76,57.5,0,0,718,23.60647,1.746,19.85,14.75
20130515,0.165917887,194.625,1173.02,1175.21,45.896,12.866,3.8,1.749,2.04,64,0,6.58,61,20.0977,2.749,15.25,13.05
20130516,0.039053446,45.896,1175.21,1177.33,196,14.906,0.4,1.773,0.411,55.75,0,0,635,23.42002,2.899,19.75,12.93
20130517,0.166478388,196,1177.33,1179.37,91.208,15.317,2,2.563,1.62,56.13636364,0,0.9,185,22.77668,2.725,17.65,15.88
20130518,0.077336205,91.208,1179.37,1181.33,192.875,16.937,0.2,2.065,1.561,36.625,0,0,763,29.22215,2.468,22.95,16.45
20130519,0.163269366,192.875,1181.33,1183.22,209.917,18.498,0,2.113,2.691,35.375,0,0,796,20.42352,2.346,23.95,18.55
20130520,0.177411639,209.917,1183.22,1185.03,180.667,21.189,0,2.012,1.287,46.1,0,1.1,693,28.79713,3.058,28.05,21.65
20130521,0.152457744,180.667,1185.03,1186.77,110.333,22.476,12,3.271,-3.84,45.5,3.38,5.73,160,41.14453,3.988,19.85,17.65
20130522,0.092969152,110.333,1186.77,1188.44,204.375,18.636,0.2,2.756,-3.571,49.29166667,0,0,820,39.23371,2.657,23.05,17.95
20130523,0.171969136,204.375,1188.44,1190.03,201.646,15.065,0,3.165,-1.965,45.20833333,0,0,806,47.53493,2.17,20.75,16.15
20130524,0.169446148,201.646,1190.03,1191.56,216.167,13.1,0,3.244,0.607,40.375,0,0,818,54.4112,2.061,18.65,12.75
20130525,0.18141512,216.167,1191.56,1193.01,215.583,13.707,0,3.477,-0.815,34.125,0,0,819,50.4786,1.687,19.25,14.05
20130526,0.180705107,215.583,1193.01,1194.4,206.833,12.892,0,3.178,1.575,34.29166667,0,0,817,47.9933,1.792,19.45,13.55
20130527,0.173168955,206.833,1194.4,1195.72,212.313,14.467,0,2.596,3.242,31.79166667,0,0,802,32.66842,1.728,22.35,15.25
20130528,0.1775608,212.313,1195.72,1196.97,204.563,17.709,0,1.988,1.599,30.58333333,0,0,780,19.80588,2.141,24.35,17.66
20130529,0.170900691,204.563,1196.97,1198.15,201.563,19.308,0,1.661,0.947,31.77272727,0,0,771,16.22702,2.339,25.65,20.35
20130530,0.168228519,201.563,1198.15,1199.27,197.188,20.255,0,1.756,1.37,34.70833333,0,0,755,22.02771,2.619,27.05,21.65
20130531,0.164423358,197.188,1199.27,1200.33,196.792,21.625,0,1.576,-0.541,40.70833333,0,0,746,15.97576,2.907,27.75,22.76
20130601,0.163948248,196.792,1200.33,1201.32,183.542,21.084,0,2.406,-4.479,43.04166667,0,0,741,36.52316,2.615,26.35,22.69
20130602,0.152783605,183.542,1201.32,1202.25,196.063,16.605,0,4.042,-1.557,45.04545455,0,0,721,47.7642,2.533,22.05,16
20130603,0.163080058,196.063,1202.25,1203.11,155.896,15.048,0,3.738,-0.363,39.86363636,0,0,564,44.87367,1.988,18.25,14.22
20130604,0.129577512,155.896,1203.11,1203.92,169.292,14.685,0,2.5,3.843,29.55,0,0,689,32.9876,1.795,21.65,14.15
20130605,0.140617317,169.292,1203.92,1204.67,118.021,18.528,0,1.908,1.989,28.81818182,0,0,601,27.0496,2.123,24.25,17.85
20130606,0.097969568,118.021,1204.67,1205.35,151.125,20.517,0,2.158,-2.679,38.85,0,0,616,29.97324,2.635,25.55,19.75
20130607,0.125378521,151.125,1205.35,1205.98,44.271,17.838,0,2.669,-0.127,48.68181818,0,0,375,44.6273,2.915,21.85,19.25
20130608,0.036709564,44.271,1205.98,1206.54,158.646,17.711,0,3.108,1.844,40.54166667,0,0,653,37.35241,3.228,23.75,18.15
20130609,0.131488388,158.646,1206.54,1207.05,192.917,19.555,0,2.469,-0.111,38.95833333,0,0,733,28.01486,3.025,26.25,20.25
20130610,0.159825194,192.917,1207.05,1207.51,194.708,19.444,0,2.227,0.231,33.125,0,0,746,21.5887,2.366,26.35,20.85
20130611,0.161247526,194.708,1207.51,1207.9,195.938,19.675,0,2.265,-3.022,32.04545455,0,0,750,30.96123,1.956,26.25,20.44
20130612,0.162213759,195.938,1207.9,1208.25,196.104,16.653,0,2.513,-1.212,38.04545455,0,0,740,28.29345,1.98,21.85,14.62
20130613,0.162304159,196.104,1208.25,1208.63,195.229,15.441,0,1.936,-1.937,39.09090909,0,0,747,30.93308,2.106,20.92,14.34
20130614,0.161529169,195.229,1208.63,1209.01,197.604,13.504,0,2.565,-1.323,38.95454545,0,0,748,35.21939,1.684,19.59,13.63
20130615,0.163442817,197.604,1209.01,1209.28,138.604,12.181,0,2.557,1.457,34.36363636,0,0,738,28.69233,1.514,19.45,12.65
20130616,0.114616962,138.604,1209.28,1209.5,170.542,13.638,0,2.133,1.728,30.54545455,0,0,665,19.67022,1.517,19.85,13.3
20130617,0.141002067,170.542,1209.5,1209.67,186.542,15.366,0,1.938,0.727,28.31818182,0,0,610,21.96642,1.804,19.98,14.51
20130618,0.154208999,186.542,1209.67,1209.78,188.5,16.093,0,3.075,-2.266,38.75,0,0,689,35.65344,1.839,21.37,14.47
20130619,0.155813454,188.5,1209.78,1209.84,66,13.827,0,2.81,-1.041,36.40909091,0,0,145,23.74086,1.629,14.75,12.46
20130620,0.054552668,66,1209.84,1209.84,63.625,12.786,0,1.813,-1.087,34.40909091,0,0,275,14.58073,1.764,16.42,14.12
20130621,0.052589599,63.625,1209.84,1209.8,200.354,11.699,0,1.931,0.575,23.86363636,0,0,761,16.29654,1.329,18.61,12.65
20130622,0.165609192,200.354,1209.8,1209.7,201.521,12.274,0,1.768,0.244,25,0,0,763,19.19361,1.261,18.7,12.85
20130623,0.166587584,201.521,1209.7,1209.55,202.813,12.518,0,2.191,1.553,21.58333333,0,0,763,22.44955,1.260672,19.32,13.32
20130624,0.167676409,202.813,1209.55,1209.34,191.688,14.071,0,2.323,2.705,16.5,0,0,678,29.38083,1.13468,20.15,13.95
20130625,0.158506293,191.688,1209.34,1209.08,149.063,16.776,0,1.996,0.255,15.95,0,0,292,25.89015,1.269,18.35,13.85
20130626,0.1232863,149.063,1209.08,1208.77,122.542,17.031,0.4,2.49,-0.462,31.40909091,0,3.02,463,16.25585,2.039,22.15,16.05
20130627,0.101377433,122.542,1208.77,1208.4,108.729,16.569,0.2,2.067,-1.275,38.77272727,0,0.22,89,34.12357,2.177,15.73,12.79
20130628,0.089977656,108.729,1208.4,1207.98,150.208,15.294,0.4,3.238,-0.423,36.35,0,0,304,43.30154,1.979,16.6,12.8
20130629,0.12434643,150.208,1207.98,1207.51,77.292,14.871,0,3.359,-0.632,35.63636364,0,0.04,117,51.8383,1.906,13.69,12.32
20130630,0.064009408,77.292,1207.51,1206.98,202,14.239,0,4.174,-2.256,32.45454545,0,0,764,55.889,1.61182,18.33,12.62
20130701,0.167359857,202,1206.98,1206.4,204.25,11.983,0,3.382,0.151,34.5,0,0,776,52.1399,1.679,18.31,11.22
20130702,0.169305371,204.25,1206.4,1205.77,204.292,12.134,0,2.937,0.946,28.59090909,0,0,775,34.96901,1.529,20.15,12.61
20130703,0.169428664,204.292,1205.77,1205.07,204.604,13.08,0,1.704,0.63,20.27272727,0,0,781,13.67509,1.293,20.15,13.05
20130704,0.169785988,204.604,1205.07,1204.33,204.542,13.71,0,1.727,1.025,15.09090909,0,0,783,17.86772,1.013,21.15,14.43
20130705,0.169838832,204.542,1204.33,1203.53,204.792,14.735,0,2.4,-0.247,19.72727273,0,0,783,37.86094,1.491,22.05,16.75
20130706,0.170159448,204.792,1203.53,1202.67,204.5,14.488,0,2.423,0.647,19.95454545,0,0,778,43.62691,1.215,21.85,13.63
20130707,0.170038331,204.5,1202.67,1201.75,199.958,15.135,0,3.525,-0.166,18.5,0,0,721,55.6729,1.279,21.85,14.54
20130708,0.166389016,199.958,1201.75,1200.78,81.396,14.969,0,4.332,-1.89,43.4,0,0,309,56.9536,1.369,16.75,14.74
20130709,0.067785939,81.396,1200.78,1199.74,77.229,13.079,0,3.736,4.181,42.04545455,0,0,404,44.03936,2.406,18.26,13.44
20130710,0.064371447,77.229,1199.74,1198.66,178.792,17.26,0,3.517,0.551,38.63636364,0,0,736,41.55934,2.83,23.88,14.49
20130711,0.149159895,178.792,1198.66,1197.51,197.958,17.811,0,2.654,1.952,31.31818182,0,0,752,36.30849,2.821,26.05,17.75
20130712,0.165308014,197.958,1197.51,1196.3,199.458,19.763,0,2.178,1.673,32.22727273,0,0,759,25.88933,2.785,27.15,19.89
20130713,0.166729081,199.458,1196.3,1195.03,195.833,21.436,0,1.732,2.182,30.31818182,0,0,757,12.97218,2.665,28.55,21.85
20130714,0.163872873,195.833,1195.03,1193.7,193.375,23.618,1,1.768,-4.251,46.63636364,0,0,699,33.653942,2.868,28.25,23.25
20130715,0.161996314,193.375,1193.7,1192.31,190.104,19.367,0,2.755,-1.52,34.13636364,0,0,584,35.7734,2.437,23.65,18.65
20130716,0.159441756,190.104,1192.31,1190.85,202.354,17.847,0,2.096,1.67,25.45454545,0,0,775,20.14833,2.237,24.85,17.05
20130717,0.169924004,202.354,1190.85,1189.33,205.833,19.517,0,2.227,1.564,23.72727273,0,0,785,21.96715,1.901,26.75,20.05
20130718,0.173066348,205.833,1189.33,1187.75,182.313,21.081,0,2.887,-4.977,27.54545455,0,0,708,36.89209,1.927,27.45,20.25
20130719,0.153494422,182.313,1187.75,1186.1,182.042,16.104,0,2.702,-2.79,31.95454545,0,0,224,42.88548,1.724,15.95,13.95
20130720,0.153479471,182.042,1186.1,1184.39,210.917,13.314,0,3.092,-2.432,33.18181818,0,0,806,37.48373,1.466,18.65,11.81
20130721,0.1780807,210.917,1184.39,1182.61,186.979,10.882,0,2.235,1.273,31.31818182,0,0,791,25.51921,1.482,18.15,11.21
20130722,0.158107068,186.979,1182.61,1180.76,211.583,12.155,0,2.58,-0.903,28.54166667,0,0,812,40.8208,1.31,19.85,12.33
20130723,0.179192215,211.583,1180.76,1178.84,221.563,11.252,0,3.07,-0.504,27.79166667,0,0,846,50.89502,1.194,19.15,11.45
20130724,0.187950019,221.563,1178.84,1176.86,225.104,10.748,0,3.254,0.738,28.5,0,0,856,44.616,1.192,18.54,10.55
20130725,0.191275088,225.104,1176.86,1174.8,224,11.486,0,2.592,2.194,20.45833333,0,0,854,38.63469,1.079214,20.85,11.49
20130726,0.190670752,224,1174.8,1172.68,224.083,13.68,0,2.492,3.644,19.95833333,0,0,848,28.05027,1.235,22.75,13.85
20130727,0.19108623,224.083,1172.68,1170.48,221.229,17.324,0,2.206,2.442,12.81818182,0,0,841,12.90896,1.405,26.05,17.05
20130728,0.189007074,221.229,1170.48,1168.21,219.292,19.766,0,1.745,-1.259,17.875,0,0,845,23.51586,1.231,27.15,21.25
20130729,0.18771625,219.292,1168.21,1165.86,219.042,18.507,0,2.555,-1.735,28.58333333,0,0,849,44.90189,1.66,26.35,20.05
20130730,0.187880191,219.042,1165.86,1163.44,222.167,16.772,0,2.7,-2.08,25.20833333,0,0,852,35.38523,1.529,23.85,16.55
20130731,0.19095699,222.167,1163.44,1160.95,223.708,14.692,0,2.236,1.66,20.375,0,0,855,21.38571,1.337,23.05,14.65
20130801,0.192693914,223.708,1160.95,1158.38,223.833,16.352,0,1.866,-0.201,21.25,0,0,862,16.78364,1.445,24.25,16.85
20130802,0.193229338,223.833,1158.38,1155.73,228.646,16.151,0,2.501,-1.321,19.33333333,0,0,880,33.9764,1.212,24.25,17.05
20130803,0.197836865,228.646,1155.73,1153.01,234.229,14.83,0,2.406,0.643,20.66666667,0,0,898,27.17043,1.165,22.65,16.15
20130804,0.20314568,234.229,1153.01,1150.21,233.604,15.473,0,2.081,0.912,21.125,0,0,897,21.26061,1.245,23.25,16.35
20130805,0.203096826,233.604,1150.21,1147.33,233.604,16.385,0,1.616,1.533,16,0,0,902,7.475545,1.207927,23.54,16.49
20130806,0.203606635,233.604,1147.33,1144.36,235.458,17.918,0,1.509,1.101,12.625,0,0,911,11.9836,0.988011,25.27,18.9
20130807,0.205755182,235.458,1144.36,1141.32,236.979,19.019,0,1.84,-0.141,20.125,0,0,915,23.91641,1.348,26.85,21.04
20130808,0.207635895,236.979,1141.32,1138.2,233.979,18.878,0,2.401,1.031,20.5,0,0,898,20.51161,1.613,26.32,20.1
20130809,0.20556932,233.979,1138.2,1134.99,233.688,19.909,0,1.7,1.454,15.41666667,0,0,906,12.81794,1.268,27.44,19.56
20130810,0.205894325,233.688,1134.99,1131.7,235.354,21.363,0,1.64,0.657,13.625,0,0,914,12.95624,1.183,28.46,21
20130811,0.207965008,235.354,1131.7,1128.33,238.375,22.02,0,1.707,0.633,13.875,0,0,922,15.16497,1.328,29.77,22.03
20130812,0.211263549,238.375,1128.33,1124.87,238.583,22.653,0,2.368,-1.94,23.91666667,0,0,926,35.71573,1.951,29.77,24.71
20130813,0.212098287,238.583,1124.87,1121.33,238.792,20.713,0,2.423,1.517,17.08333333,0,0,924,15.38465,1.63,28.41,20.11
20130814,0.21295426,238.792,1121.33,1117.7,235.583,22.23,0,2.187,-1.136,17.33333333,0,0,919,44.88949,1.475,30.58,23.91
20130815,0.210774805,235.583,1117.7,1113.98,237.75,21.094,0,2.853,3.391,16.29166667,0,0,920,27.98728,1.63,28.37,19.79
20130816,0.213423939,237.75,1113.98,1110.19,204.208,24.485,0,2.999,-1.824,17.75,0,0,919,44.92911,1.726438,32.6,25.08
20130817,0.183939686,204.208,1110.19,1106.3,234.229,22.661,0,3.48,-1.049,15.16666667,0,0,931,38.67584,1.291,26.73,18.79
20130818,0.21172286,234.229,1106.3,1102.33,235.917,21.612,0,2.338,0.32,12.45833333,0,0,857,30.76103,1.515427,28.81,19.57
20130819,0.214016674,235.917,1102.33,1098.27,218.292,21.932,0,2.914,-3.253,26.375,0,0,663,39.69791,1.64,28.05,19.09
20130820,0.198759868,218.292,1098.27,1094.12,234.5,18.679,0,3.568,-2.497,21.25,0,0,952,43.10367,1.418,24.87,16.81
20130821,0.214327496,234.5,1094.12,1089.89,253.771,16.182,0,2.328,-0.796,18.91666667,0,0,984,25.83289,1.145,23.35,15.86
20130822,0.232840929,253.771,1089.89,1085.56,261.958,15.386,0,2.67,0.217,19.45833333,0,0,1011,30.68489,1.186,23.15,16.45
20130823,0.241311397,261.958,1085.56,1081.15,261.833,15.603,0,2.497,0.459,23.04166667,0,0,1013,31.28325,1.38,24.35,16.96
20130824,0.242180086,261.833,1081.15,1076.66,262.667,16.062,0,2.531,1.059,20.33333333,0,0,1014,27.17942,1.336,24.05,17.17
20130825,0.243964669,262.667,1076.66,1072.07,264.542,17.121,0,2.232,2.309,13.20833333,0,0,1028,23.98505,1.102,25.05,18.43
20130826,0.246758141,264.542,1072.07,1067.4,265.792,19.43,0,1.805,1.635,9.958333333,0,0,1034,10.87857,1.225405,27.25,20.65
20130827,0.249008806,265.792,1067.4,1062.64,265.958,21.065,0,1.702,1.257,9.5,0,0,1039,12.56565,0.963,29.55,23.55
20130828,0.250280434,265.958,1062.64,1057.79,267.417,22.322,0,1.834,1.619,12.625,0,0,1041,18.91893,1.163,31.25,24.75
20130829,0.252807268,267.417,1057.79,1052.86,263.833,23.941,0,2.131,1.542,14.29166667,0,0,1032,21.92318,1.53,32.65,25.55
20130830,0.250586973,263.833,1052.86,1047.86,262.229,25.483,0,2.117,1.908,15.625,0,0,1024,21.20134,2.026,33.95,26.45
20130831,0.250251942,262.229,1047.86,1042.92,255.479,27.391,0,1.83,0.543,14.41666667,0,0,1019,16.32027,2.004,33.75,27
20130901,0.244965098,255.479,1042.92,1037.9,252.042,27.934,0,2.321,-1.694,14,0,0,926,24.74421,1.785,34.65,29.72
20130902,0.242838424,252.042,1037.9,1032.8,254.917,26.24,0,3.401,-0.54,13.45833333,0,0,1039,26.58315,1.546,33.62,27.77
20130903,0.246821263,254.917,1032.8,1027.61,266.75,25.7,0,2.848,-1.129,13.29166667,0,0,1055,27.19681,1.529,32.95,28.19
20130904,0.259582916,266.75,1027.61,1022.35,273.333,24.571,0,2.956,-0.861,13.83333333,0,0,1082,30.01355,1.409,32.25,26.35
20130905,0.267357559,273.333,1022.35,1017.01,278.542,23.71,0,2.932,-1.173,13.35,0,0,1098,31.16601,1.185,31.94,25.12
20130906,0.273883246,278.542,1017.01,1011.58,280.521,22.537,0,2.744,-0.69,14.3125,0,0,1095,28.44624,1.10441,30.94,24.71
20130907,0.277309753,280.521,1011.58,1006.08,281.813,21.847,0,2.486,1.509,17.38888889,0,0,1102,23.12912,1.456,30.37,24.52
20130908,0.280109932,281.813,1006.08,1000.51,278.521,23.356,0,1.919,1.538,14.14285714,0,0,1095,16.83172,1.37,30.39,25
20130909,0.278379027,278.521,1000.51,994.79,281.021,24.894,0,1.779,1.132,13.4375,0,0,1101,19.21527,1.609,31.18,26.78
20130910,0.282492787,281.021,994.79,989.07,262.896,26.026,0,2.137,0.007,16.2,0,0,1098,27.33151,1.657,33.05,26.1
20130911,0.265801207,262.896,989.07,983.27,262.458,26.033,0,2.492,3.06,17.40909091,0,0,971,27.05353,1.962,33.75,26.3
20130912,0.266923632,262.458,983.27,977.4,176.333,29.093,0.2,2.22,-1.921,15.5625,0,0,744,29.25377,2.7,32.43,24.83
20130913,0.180410272,176.333,977.4,971.46,278.521,27.172,0,2.431,0.141,16.11111111,0,0,1117,20.62851,1.690035,33.99,27.69
20130914,0.286703518,278.521,971.46,965.46,263.333,27.313,0,2.927,0.594,23.58333333,0,0,778,34.74043,3.078,33.72,26.65
20130915,0.27275392,263.333,965.46,959.39,281.021,27.907,0,3.391,-3.934,16.2,0,0,1116,32.99407,1.686748,35.57,28.94
20130916,0.292916332,281.021,959.39,953.25,304.917,23.973,0,3.549,-1.195,19.3,0,0,1197,22.3957,1.211,30.61,23.55
20130917,0.319870968,304.917,953.25,947.05,300.583,22.778,0,2.493,0.211,22,0,0,1187,25.85871,1.155,32.4,23.34
20130918,0.317388733,300.583,947.05,940.78,295.292,22.989,0,2.474,-0.529,20.3,0,0,1183,22.37725,1.258541,30.53,21.36
20130919,0.313879972,295.292,940.78,934.46,298.604,22.46,0,2.074,0.867,15.9,0,0,1192,27.66334,0.936,30.97,22.93
20130920,0.319547118,298.604,934.46,928.08,298.625,23.327,0,2.437,1.881,11.2,0,0,1191,21.23759,1.299,31.35,24.06
20130921,0.321766443,298.625,928.08,921.64,296.938,25.208,0,2.115,0.808,9.5,0,0,1195,24.61121,1.121,33.99,26.35
20130922,0.322184367,296.938,921.64,915.15,304.688,26.016,0,2.53,2.173,11.1,0,0,1091,23.80582,1.518,35.29,28.41
20130923,0.33293777,304.688,915.15,908.61,267.375,28.189,0,2.337,1.122,10.5,0,0,1104,21.00972,1.416,36.55,25.46
20130924,0.294268168,267.375,908.61,902.02,301.458,29.311,0,2.883,-0.385,8.875,0,0,1217,17.67291,0.936,37.79,31
20130925,0.334203233,301.458,902.02,895.38,305.813,28.926,0,2.197,-2.067,14.5,0,0,1221,43.29813,1.226281,37.63,32.05
20130926,0.341545489,305.813,895.38,888.7,295.083,26.859,0,3.545,-0.442,16.4375,0,0,1199,26.35821,1.686006,33.29,24.8
20130927,0.332038933,295.083,888.7,881.98,171.542,26.417,0,2.392,-5.649,47.86363636,2.52,2.88,781,26.75925,3.285056,34.16,28.42
20130928,0.194496474,171.542,881.98,875.21,35.479,20.768,7.6,2.159,2.47,63,6.76,6.8,738,25.0647,3.72,29.11,25.96
20130929,0.0405377,35.479,875.21,868.41,260.896,23.238,0,2.554,2.973,43,0.82,0.77,855,29.544,2.892,31.12,26.15
20130930,0.300429521,260.896,868.41,861.58,298.979,26.211,0,2.191,0.6,26.8,0,0,1048,22.53276,2.177,33.91,28.01
20131001,0.347012465,298.979,861.58,854.71,222.917,26.811,0,2.674,-2.37,27.66666667,0,0,822,34.21244,2.404,30.23,28.68
20131002,0.260810099,222.917,854.71,847.82,311.854,24.441,0,2.478,-1.568,22.25,0,0,1236,34.38192,1.405325,31.44,25.12
20131003,0.367830436,311.854,847.82,840.9,321.833,22.873,0,3.577,-2.106,22,0,0,1274,45.27388,1.225,29.49,23.79
20131004,0.382724462,321.833,840.9,833.95,330.083,20.767,0,2.782,3.005,18.33333333,0,0,1305,21.48936,0.886606,28.27,21.38
20131005,0.395806703,330.083,833.95,826.97,330.229,23.772,0,1.636,3.052,11,0,0,1315,13.18434,0.76,31.74,25.63
20131006,0.399324038,330.229,826.97,819.99,331.521,26.824,0,1.728,2.236,25.66666667,0,0,1320,14.60373,0.712,34.33,29.37
20131011,0.410684748,325.25,791.97,784.96,296.646,26.082,0,3.81,2.675,25.83333333,0,0,1282,31.25523,1.838,33.73,23.28
20131012,0.37791225,296.646,784.96,777.94,263.729,28.757,0,2.668,-0.439,21.16666667,0,0,1075,32.8146,2.531,36.57,30.36
20131013,0.339009435,263.729,777.94,770.93,228.25,28.318,0,4.024,-7.306,21.75,0,0,1043,52.99755,1.675,31.35,20.65
20131014,0.296070979,228.25,770.93,763.93,240,21.012,0,4.488,1.604,15.5,0,0,991,40.08589,1.206,26.01,18.42
20131015,0.31416491,240,763.93,756.94,271.188,22.616,0,2.421,3.691,17,0,0,1321,19.85086,1.071,31.65,23.97
20131022,0.462397439,330.813,715.43,708.51,230.646,29.334,0,3.85,-3.588,21.16666667,0,0,1178,42.69363,2.458,34.82,28.56
20131024,0.390051722,273.75,701.83,695.09,305.063,22.856,0,4.006,0.794,15.16666667,0,0,1192,43.39717,1.254,30.48,23.03
20131118,0.359668977,199.271,554.04,549.34,171.604,28.284,0,3.437,0.515,16.75,0,0,1122,26.59878,2.982022,33.78,28.79
20131120,0.555262047,302.479,544.75,540.28,216.125,30.905,0,2.269,-0.47,71.66666667,0,0,1039,30.51017,2.605805,37.05,32.5
20131204,0.593534081,293.099,493.82,491.19,110.208,25.305,8,2.674,0.026,56.25,7.21,12.64,542,37.52124,4.539,33.74,27.69
20131216,0.69457793,327.813,471.96,471.1,208.719,30.529,0,3.504,2.138,23.5,0,0,838,27.79062,2.628883,36.22,30.67
20131218,0.483365221,227.375,470.4,469.85,148.813,32.734,0,2.793,-0.695,76,0.61,0.63,916,18.84402,3.448303,36.43,33.23
20131223,0.453771554,212.896,469.17,469.38,68.896,20.786,20.4,3.372,-1.588,84.75,4.99,27.62,131,32.87958,5.17478,21.48,20.1
20131224,0.14678086,68.896,469.38,469.75,85.625,19.198,12.8,2.673,2.338,83.42857143,1.87,5.51,310,28.22201,5.25166,21.88,18.51
20131225,0.182277807,85.625,469.75,470.27,92.313,21.536,4.4,1.909,4.633,67.75,0.23,0.4,421,14.2736,5.07499,24.5,22.7
20140115,0.597959064,306.167,512.02,515.62,179.25,25.851,25.4,4.696,-2.69,78.57142857,0.89,10.63,383,52.7473,5.90852,27,24.97
20140116,0.347639735,179.25,515.62,519.36,87.688,23.161,3.6,5.271,-0.284,88.85714286,1.13,19.4,60,55.9443,5.95,22.35,21.24
20140117,0.168838571,87.688,519.36,523.23,66.958,22.877,22.2,4.274,0.793,89.08333333,0.58,22.46,81,52.4154,6.05645,22.05,21.02
20140118,0.127970491,66.958,523.23,527.23,125.396,23.67,59.2,4.504,0.245,81.75,1.52,18.4,54,51.09521,5.59016,21.67,21.2
20140119,0.237839273,125.396,527.23,531.37,102.271,23.915,2.6,2.784,2.337,58.25,0.5,12.1,61,47.74035,5.44569,21.64,20.73
20140120,0.192466643,102.271,531.37,535.63,142.083,26.252,0.4,2.45,1.941,80.83333333,0.22,2.3,191,20.0733,5.67246,23.5,22.59
20140204,0.457824663,278.188,607.63,613.59,106.208,24.496,16.2,2.933,3.72,77.25,3.61,3.7,835,47.5449,4.45,30.71,27.4
20140212,0.462734931,304.313,657.64,664.23,235.208,25.698,7,4.494,2.564,67.5,2.61,3.27,495,31.7857,6.30059,28.43,22.81
20140214,0.448868684,301.146,670.9,677.63,245.771,29.418,0,2.899,-2.315,78.16666667,1.77,1.7,1007,30.14268,5.94863,35.02,30.54
20140215,0.36269203,245.771,677.63,684.41,147.833,27.103,7.4,2.596,-0.133,42.83333333,0.92,0.93,909,30.25236,5.30514,32.65,29.99
20140223,0.482450087,353.771,733.28,740.41,219.438,25.061,0,3.255,3.494,27.66666667,4.03,4.09,1030,41.88857,3.501,28.7,24.31
20140224,0.296373631,219.438,740.41,748.53,280.271,28.555,0,3.448,-5.947,49.5,0.01,0.01,758,21.86294,4.25749,34.2,25.4
20140225,0.374428547,280.271,748.53,754.77,124.604,22.608,0.8,2.843,-2.312,83.22222222,4.17,5.6,387,41.16612,4.48331,25.09,19.09
20140226,0.165088703,124.604,754.77,761.98,115.021,20.296,0.4,2.99,3.582,76.5,1.02,3.21,45,34.29434,5.42316,19.93,19.6
20140304,0.378132595,301.833,798.22,805.49,330.313,25.192,0,2.25,1.649,48.57142857,0,0,1159,28.93002,4.99,30.67,24.73
20140305,0.410077096,330.313,805.49,812.75,214.75,26.841,0.4,2.452,2.915,44.16666667,0,0.4,877,28.67118,4.188,32.47,27.08
20140306,0.264226392,214.75,812.75,819.99,292.521,29.756,0,2.886,-1.009,39.125,0,0,894,32.28706,3.478483,33.22,29.92
20140307,0.356737277,292.521,819.99,827.23,276.917,28.747,0,2.683,-2.134,41.66666667,0,0,1107,32.7749,3.313,34.97,31.17
20140308,0.334752125,276.917,827.23,834.46,265.188,26.613,0.4,3.617,1.134,46.5,0.07,0.1,715,26.79465,3.578,31.53,24.31
20140309,0.31779594,265.188,834.46,841.67,267.146,27.747,0,2.079,0.892,41.33333333,0,0,800,23.91182,3.270187,32.06,29.36
20140310,0.317399931,267.146,841.67,848.86,291.208,28.639,0,2.34,-0.485,36.66666667,0,0,1148,32.85722,2.987,34.75,30.09
20140311,0.343057748,291.208,848.86,856.02,318.208,28.154,0,2.82,0.196,31.375,0,0,1245,37.33028,2.603071,34.29,29.52
20140312,0.371729632,318.208,856.02,863.17,302.833,28.35,0,3.224,-0.023,30.5,0,0,1240,42.0318,2.322,34.82,29.66
20140313,0.350838189,302.833,863.17,870.28,318.417,28.327,0,2.821,1.019,27.25,0,0,1240,33.32768,2.364,35.05,30.22
20140314,0.365878798,318.417,870.28,877.35,313.979,29.346,0,1.738,1.172,25.875,0,0,1231,21.79321,2.178,36,30.37
20140315,0.357872001,313.979,877.35,884.4,310.271,30.518,0,1.705,0.38,30.875,0,0,1214,16.53842,2.765,36.65,31.65
20140316,0.350826549,310.271,884.4,891.4,296.458,30.898,0,2.493,-0.598,28.375,0.1,0.1,948,36.0181,3.104,37.65,32.05
20140317,0.332575724,296.458,891.4,898.36,298.688,30.3,0.6,2.707,-0.298,24.625,0,0,1144,26.25844,2.941,35.35,29.46
20140318,0.332481411,298.688,898.36,905.28,298.438,30.002,0,2.573,-1.45,21.375,0,0,1121,45.43259,2.168779,36.45,29.68
20140319,0.32966375,298.438,905.28,912.14,309.625,28.552,0,3.474,-0.234,22.14285714,0,0,1193,49.4287,2.023056,35.85,29.69
20140320,0.339448988,309.625,912.14,918.96,279.708,28.318,0,3.156,-0.491,36.35,0,0,934,31.24796,3.29,35.55,30.21
20140321,0.30437451,279.708,918.96,925.73,227.167,27.827,1.4,2.77,0.396,28.72727273,0,0,749,21.91107,3.186,33.65,27.55
20140322,0.245392285,227.167,925.73,932.44,248.208,28.223,0,2.535,0.503,20.58333333,0,0,891,26.81698,2.734,34.85,30.95
20140323,0.266191927,248.208,932.44,939.1,276.292,28.726,0,3.08,-2.371,28.4,0,0,900,45.08695,2.299254,34.95,31.15
20140324,0.294209349,276.292,939.1,945.7,285.542,26.355,0,3.234,-4.27,26.3,0,0,1152,42.72266,1.852,31.65,25.05
20140325,0.301937189,285.542,945.7,952.23,309.313,22.085,0,2.846,-1.147,24.4,0,0,1200,35.05424,1.401022,28.54,21.75
20140326,0.324830136,309.313,952.23,958.7,306.583,20.938,0,2.462,2.008,21.6,0,0,1189,20.23108,1.439,27.7,22.29
20140327,0.319790341,306.583,958.7,965.1,306.458,22.946,0,2.108,1.892,16.3,0,0,1191,18.31135,1.178,29.74,23.67
20140328,0.317540151,306.458,965.1,971.44,300.271,24.838,0,1.715,1.86,15.5,0,0,1159,18.60007,1.307,32.05,26.03
20140329,0.309098864,300.271,971.44,977.71,290.104,26.698,0,1.836,1.673,14,0,0,1140,19.64846,1.42,33.75,27.57
20140330,0.296717841,290.104,977.71,983.9,290.167,28.371,0,2.238,-0.281,14.95454545,0,0,1049,20.85974,1.995113,34.55,29.07
20140331,0.294915134,290.167,983.9,990.01,198.458,28.09,0,1.719,0.798,15.57142857,0,0,1052,14.74969,1.911,35.65,29.74
20140401,0.200460601,198.458,990.01,996.06,283.646,28.888,0,1.784,1.888,15.35714286,0,0,1057,24.82413,2.466,35.98,30.62
20140402,0.284767986,283.646,996.06,1002.02,273.875,30.776,0,1.826,-1.53,28.83333333,0,0,1035,18.04457,2.197,36.58,31.67
20140403,0.273322888,273.875,1002.02,1007.91,257.375,29.246,0,3.255,-2.888,37.125,0,0,1012,40.75371,3.801,34.05,26.96
20140404,0.255355141,257.375,1007.91,1013.71,246.813,26.358,0,3.303,0.697,36.04545455,0.49,0.4,709,35.40894,4.111,29.85,22.9
20140405,0.243474958,246.813,1013.71,1019.43,211.042,27.055,0,2.982,0.237,33.29166667,0,0,337,36.09403,3.995,28.65,23.42
20140406,0.207019609,211.042,1019.43,1025.07,211,27.292,0,2.719,-0.325,36.5,0,0,761,24.01786,3.573,33.75,27.33
20140407,0.205839601,211,1025.07,1030.63,221.604,26.967,0,2.355,-4.102,73.83333333,0.03,0,614,21.42935,3.675,33.75,28.86
20140408,0.215017999,221.604,1030.63,1036.1,92.875,22.865,1.2,2.586,-0.829,75.36363636,0.02,0,718,31.44865,4.164,30.45,24.89
20140409,0.089639031,92.875,1036.1,1041.48,112.604,22.036,0.2,2.4,2.393,48.29166667,2.81,2.9,618,22.69442,4.647,31.05,25.77
20140410,0.108119215,112.604,1041.48,1046.78,262.813,24.429,0.2,1.956,-2.103,47.375,0,0,777,34.49074,3.317,31.35,25.17
20140411,0.251068037,262.813,1046.78,1052.37,253.563,22.326,0.2,3.185,-1.69,45.83333333,0,0,1034,39.2956,3.402,29.55,23.74
20140412,0.240944725,253.563,1052.37,1057.36,247.146,20.636,0,3.146,-0.539,40.75,0,0,1029,38.47887,3.099,28.35,21.89
20140413,0.233738746,247.146,1057.36,1062.26,271.604,20.097,0,2.956,-0.022,37.375,0,0,1042,37.50922,2.25,27.65,21.63
20140414,0.255685049,271.604,1062.26,1067.07,266.104,20.075,0,2.83,0.764,32.08333333,0,0,1035,40.9539,2.203,27.15,20.66
20140415,0.249378204,266.104,1067.07,1071.91,269.104,20.839,0,3.028,0.688,27.75,0,0,1036,36.77918,2.073,28.35,21.62
20140416,0.251050928,269.104,1071.91,1076.67,267.729,21.527,0,2.757,0.109,21.16666667,0,0,1033,36.23856,1.682,28.65,22.11
20140417,0.248663936,267.729,1076.67,1081.33,269.083,21.636,0,2.664,-0.388,16.83333333,0,0,1036,36.43253,1.39,29.54,22.45
20140418,0.248844479,269.083,1081.33,1085.91,269.188,21.248,0,2.788,-0.302,16.66666667,0,0,1036,37.57473,1.297,29.95,23.37
20140419,0.24789163,269.188,1085.91,1090.38,266.208,20.946,0,2.411,0.336,19,0,0,1024,33.70033,1.457,29.05,23.75
20140420,0.244142409,266.208,1090.38,1094.77,262.313,21.282,0,2.512,0.903,16.58333333,0,0,1005,27.54021,1.374,29.15,23.41
20140421,0.239605579,262.313,1094.77,1099.07,254.125,22.185,0,2.063,1.03,14.58333333,0,0,999,14.76445,1.297,29.75,24.04
20140422,0.231218212,254.125,1099.07,1103.27,253.563,23.215,0,1.988,-0.028,13.33333333,0,0,987,20.59999,1.27,31.15,25.96
20140423,0.2298286,253.563,1103.27,1107.38,255.875,23.187,0,2.501,-0.019,15.41666667,0,0,988,28.09418,1.215246,31.35,26.55
20140424,0.231063411,255.875,1107.38,1111.4,250.396,23.168,0,2.43,0.166,18.5,0,0,967,34.98702,1.635,30.55,25.65
20140425,0.225297823,250.396,1111.4,1115.32,247.979,23.334,0,2.124,1.125,17.70833333,0,0,952,20.39473,1.781,30.65,24.25
20140426,0.22233888,247.979,1115.32,1119.16,245.125,24.459,0,2.512,1.426,25.79166667,0,0,935,32.58183,1.94,32.45,26.35
20140427,0.219025877,245.125,1119.16,1122.9,210.75,25.885,0,2.479,1.715,19.70833333,0,0,911,32.30863,2.478,33.35,27.65
20140428,0.187683676,210.75,1122.9,1126.55,223.771,27.6,0,2.043,-1.813,29.41666667,0,0,908,11.68377,2.384,33.95,28.65
20140429,0.198633882,223.771,1126.55,1130.11,200.854,25.787,0.2,2.552,-7.934,65.16666667,1.37,1.33,764,40.26561,3.819,34.35,28.65
20140430,0.177729602,200.854,1130.11,1133.58,176.458,17.853,0.4,3.02,0.836,51.16666667,0,0,881,32.7152,2.611,27.45,19.95
20140501,0.155664355,176.458,1133.58,1136.96,217,18.689,0.2,1.986,-0.039,33.16666667,0,0,885,21.76055,2.312781,26.65,19.05
20140502,0.190859837,217,1136.96,1139.83,229.896,18.65,0,2.525,-2.889,34.91666667,0,0,912,35.99844,1.729,25.45,19.35
20140503,0.201693235,229.896,1139.83,1143.45,231.229,15.761,0,2.406,0.94,33.875,0,0,912,19.52199,1.875,22.75,15.86
20140504,0.202220473,231.229,1143.45,1146.57,232.542,16.701,0,1.637,1.316,34.20833333,0,0,901,17.97362,1.924,23.55,17.61
20140505,0.202815354,232.542,1146.57,1149.59,231.896,18.017,0,1.963,0.97,30.875,0,0,874,16.66913,1.999,24.65,18.57
20140506,0.201720613,231.896,1149.59,1152.53,212.938,18.987,0,2.178,-0.37,25.75,0,0,853,26.57104,1.948,25.85,19.59
20140507,0.184757013,212.938,1152.53,1155.4,231.479,18.617,0,2.262,0.076,21.75,0,0,877,30.11158,1.558,26.35,19.75
20140508,0.200345335,231.479,1155.4,1158.15,228.438,18.693,0,2.068,2.55,18.125,0,0,870,16.31947,1.554,26.65,19.9
20140509,0.19724388,228.438,1158.15,1160.84,222.271,21.243,0,1.587,2.447,15.5,0,0,845,13.018197,1.634,28.95,21.35
20140510,0.191474277,222.271,1160.84,1163.43,190.125,23.69,0,1.617,-0.227,19.08333333,0,0,791,30.76524,1.825,30.35,24.45
20140511,0.163417653,190.125,1163.43,1165.95,205.667,23.463,0,2.576,-1.241,26.58333333,0,0,845,31.41481,2.165,30.5,23.86
20140512,0.176394357,205.667,1165.95,1168.39,171.042,22.222,0,2.8,-0.568,21.91666667,0,0,836,29.18892,1.946,29.55,23.67
20140513,0.146391188,171.042,1168.39,1170.74,222.208,21.654,0,2.635,-0.868,17.54166667,0,0,847,40.98646,1.658,28.75,22.99
20140514,0.189801322,222.208,1170.74,1173.02,224.292,20.786,0,2.955,-0.415,21.5,0,0,851,37.77957,1.407,27.65,22.5
20140515,0.191209016,224.292,1173.02,1175.21,218.208,20.371,0,2.476,0.613,21,0,0,814,31.80637,1.745,27.45,22.45
20140516,0.185675752,218.208,1175.21,1177.33,216.854,20.984,0,2.751,1.529,26.54166667,0,0,746,32.62926,2.186,27.45,22.27
20140517,0.184191348,216.854,1177.33,1179.37,165.646,22.513,0,2.172,-0.137,29.04166667,0,0,634,27.39323,2.674,27.55,22.89
20140518,0.140452954,165.646,1179.37,1181.33,169.958,22.376,0,2.068,-0.798,33.36363636,0,0,446,22.77959,2.728,27.55,23.85
20140519,0.143870045,169.958,1181.33,1183.22,64.667,21.578,0,1.977,-0.572,32.5,0,0,259,19.7768,3.114,25.35,21.45
20140520,0.054653403,64.667,1183.22,1185.03,208.708,21.006,0,2.326,0.797,31.625,0,0,775,30.25055,2.795,28.55,23.05
20140521,0.176120436,208.708,1185.03,1186.77,190.583,21.803,0,2.09,-1.591,49.58333333,0,0,700,18.23667,2.427,28.25,22.83
20140522,0.160589668,190.583,1186.77,1188.44,148,20.212,0,2.024,0.736,37.75,0,0,691,15.68618,2.756,28.45,22.15
20140523,0.124533001,148,1188.44,1190.03,204.917,20.948,0,1.923,0.84,29.54166667,0,0,791,18.27675,2.119,29.35,22.67
20140524,0.172194819,204.917,1190.03,1191.56,205.833,21.788,0,1.741,0.62,25.95833333,0,0,792,19.6029,1.985123,29.65,22.34
20140525,0.172742455,205.833,1191.56,1193.01,203.667,22.408,0,1.73,-0.184,27.20833333,0,0,773,16.111777,2.07,29.57,22.59
20140526,0.170716926,203.667,1193.01,1194.4,112.021,22.224,0,1.984,-1.045,35.66666667,0,0,581,19.35277,2.765,30.01,24.74
20140527,0.093788513,112.021,1194.4,1195.72,199.167,21.179,0,1.73,-0.42,32.29166667,0,0,778,23.76999,1.907,29.21,22.52
20140528,0.166566587,199.167,1195.72,1196.97,176.438,20.759,0,2.089,2.135,27.20833333,0,0,730,29.91121,2.338,27.58,21.25
20140529,0.147403861,176.438,1196.97,1198.15,150.958,22.894,0,2.373,0.527,25.5,0,0,318,25.34143,2.303,25.51,21.08
20140530,0.125992572,150.958,1198.15,1199.27,151.167,23.421,0,1.711,-3.549,32.81818182,0,0,198,21.80611,2.575,26.14,20.18
20140531,0.12604918,151.167,1199.27,1200.33,168.521,19.872,0,2.721,-3.517,29.16666667,0,0,655,30.71631,1.836382,25.25,18.89
20140601,0.140395558,168.521,1200.33,1201.32,205.188,16.355,0,2.133,-1.12,32,0,0,785,24.90135,1.695,24.55,16.47
20140602,0.170802118,205.188,1201.32,1202.25,206.792,15.235,0,2.199,-0.941,33.70833333,0,0,769,26.60386,1.67,23.75,15.06
20140603,0.172004159,206.792,1202.25,1203.11,190.833,14.294,0,2.158,0.007,32.04166667,0,0,710,32.00307,1.615,22.25,15.22
20140604,0.158616419,190.833,1203.11,1203.92,207.938,14.301,0,2.52,1.249,35.75,0,0,774,44.69991,1.726,23.25,15.65
20140605,0.172717456,207.938,1203.92,1204.67,180.167,15.55,0,3.403,1.294,31.36363636,0,0,621,56.7484,1.937,21.85,16.25
20140606,0.14955714,180.167,1204.67,1205.35,194.771,16.844,0,4.162,-1.9,34.08333333,0,0,750,58.2025,2.003,22.95,15.85
20140607,0.16158875,194.771,1205.35,1205.98,205.979,14.944,0,4.164,-1.508,33.70833333,0,0,775,58.857,1.602,21.25,13.95
20140608,0.170798023,205.979,1205.98,1206.54,204.667,13.436,0,3.797,-0.523,33.75,0,0,767,52.1405,1.6,20.25,13.45
20140609,0.169631343,204.667,1206.54,1207.05,205.021,12.913,0,3.264,-0.333,27.33333333,0,0,772,44.11349,1.403,21.05,13.15
20140610,0.169852947,205.021,1207.05,1207.51,197.896,12.58,0,2.825,3.006,29.375,0,0,766,29.55436,1.169,21.95,12.85
20140611,0.16388767,197.896,1207.51,1207.9,197.167,15.586,0,1.965,3.334,31.18181818,0,0,685,18.09116,2.187,24.15,16.35
20140612,0.163231228,197.167,1207.9,1208.25,157.292,18.92,0,2.269,-3.113,43.45454545,0,0,404,36.92507,2.215,23.65,18.45
20140613,0.130181668,157.292,1208.25,1208.63,171.583,15.807,0,3.706,-4.335,40.625,0,0,512,40.40908,1.817,19.05,13.25
20140614,0.141964869,171.583,1208.63,1209.01,202.708,11.472,0,2.935,-0.159,38.36363636,0,0,760,34.61162,1.706862,18.95,12.45
20140615,0.167664453,202.708,1209.01,1209.28,200.063,11.313,0,3.005,-0.337,36.04545455,0,0,754,41.91681,1.782237,18.95,13.05
20140616,0.165439766,200.063,1209.28,1209.5,202.917,10.976,0,3.158,0.272,30.41666667,0,0,762,51.2552,1.4,18.05,11.64
20140617,0.167769326,202.917,1209.5,1209.67,206.833,11.248,0,3.391,1.833,30.91666667,0,0,775,52.8264,1.234,19.35,11.58
20140618,0.170982995,206.833,1209.67,1209.78,197.438,13.081,0,2.377,3.981,22.13636364,0,0,747,17.95744,1.321,21.75,12.23
20140619,0.163201574,197.438,1209.78,1209.84,186.333,17.062,0,1.651,1.027,23.04545455,0,0,732,18.32068,2.01,25.25,17.15
20140620,0.15401458,186.333,1209.84,1209.84,171.458,18.089,0,1.828,0.338,22.45454545,0,0,732,21.29949,1.961,25.55,19.45
20140621,0.141719566,171.458,1209.84,1209.8,193.417,18.427,0,1.994,-0.975,21.22727273,0,0,740,16.3646,1.776,25.35,18.35
20140622,0.159875186,193.417,1209.8,1209.7,195.833,17.452,0,1.544,0.581,23.04545455,0,0,742,12.80935,1.809,25.65,17.05
20140623,0.161885591,195.833,1209.7,1209.55,187.938,18.033,0,2.068,-4.739,30.2,0,0,716,40.37729,1.699,26.65,19.35
20140624,0.155378447,187.938,1209.55,1209.34,105.313,13.294,0,2.563,-1.536,34.40909091,0,0,547,29.83594,1.594,17.05,12.27
20140625,0.087083037,105.313,1209.34,1209.08,200.229,11.758,0,2.49,0.785,33.04545455,0,0,757,31.69797,1.695,20.35,12.55
20140626,0.165604427,200.229,1209.08,1208.77,203.042,12.543,0,2.219,1.649,21.31818182,0,0,765,16.11749,1.343961,21.69,13.17
20140627,0.167974056,203.042,1208.77,1208.4,202.479,14.192,0,2.147,-1.449,21.27272727,0,0,768,36.20654,1.317,23.97,14.51
20140628,0.167559583,202.479,1208.4,1207.98,206.771,12.743,0,3.037,-2.444,28.09090909,0,0,777,30.58569,1.249,20.05,12.4
20140629,0.17117088,206.771,1207.98,1207.51,203.792,10.299,0,2.587,0.568,31.36363636,0,0,764,34.65849,1.443,19.75,11.16
20140630,0.168770445,203.792,1207.51,1206.98,203.375,10.867,0,2.996,-0.592,30,0,0,764,39.99872,1.523,18.35,11.75
20140701,0.168499064,203.375,1206.98,1206.4,205.104,10.275,0,2.644,0.1,24.68181818,0,0,771,40.72637,1.172,19.25,11.65
20140702,0.170013263,205.104,1206.4,1205.77,205.792,10.375,0,2.936,0.857,22.68181818,0,0,779,26.17391,1.087,19.25,11.08
20140703,0.170672682,205.792,1205.77,1205.07,204.479,11.232,0,1.991,1.581,16.22727273,0,0,781,15.428492,0.953,19.85,11.29
20140704,0.169682259,204.479,1205.07,1204.33,204.708,12.813,0,1.89,-0.492,18.72727273,0,0,780,27.00959,0.998,21.75,14.19
20140705,0.169976668,204.708,1204.33,1203.53,208.479,12.321,0,2.273,-0.588,25.86363636,0,0,788,28.37239,1.259,21.35,13.75
20140706,0.173222936,208.479,1203.53,1202.67,209.667,11.733,0,1.825,1.045,19.22727273,0,0,791,18.61996,1.091,21.55,11.35
20140707,0.174334606,209.667,1202.67,1201.75,210.313,12.778,0,1.326,1.456,11.40909091,0,0,799,15.98183,0.827,22.15,11.75
20140708,0.175005617,210.313,1201.75,1200.78,210.292,14.234,0,2.765,-0.614,22.40909091,0,0,789,30.00659,1.126,24.85,16.25
20140709,0.175129499,210.292,1200.78,1199.74,206.771,13.62,0,2.334,-2.78,24.77272727,0,0,782,27.97797,1.226,21.65,14.95
20140710,0.172346508,206.771,1199.74,1198.66,206.688,10.84,0,2.398,0.295,22.18181818,0,0,789,22.08781,1.135,18.65,10.65
20140711,0.17243255,206.688,1198.66,1197.51,207.354,11.135,0,1.841,1.675,19.59090909,0,0,794,20.55335,1.021,19.95,11.35
20140712,0.173154295,207.354,1197.51,1196.3,195.917,12.81,0,2.908,-3.513,73.45,0,1.5,710,44.41299,1.28,22.05,12.95
20140713,0.163769121,195.917,1196.3,1195.03,37.521,9.297,8.2,2.661,1.751,60.86363636,0.01,0.96,55,48.1686,1.988,10.55,9.75
20140714,0.031397538,37.521,1195.03,1193.7,126.438,11.048,6.2,1.605,4.52,46.63636364,0,0.02,407,18.96204,2.014,16.55,9.25
20140715,0.105921086,126.438,1193.7,1192.31,167.542,15.568,0,1.661,-0.127,41.68181818,0,0,455,20.16121,2.219,19.75,13.55
20140716,0.140518825,167.542,1192.31,1190.85,203.042,15.441,0,1.955,-1.304,29.54545455,0,0,781,26.0085,1.854,21.45,15.75
20140717,0.170501742,203.042,1190.85,1189.33,210.875,14.137,0,2.32,-1.905,33.13636364,0,0,806,40.77545,1.495,21.05,15.06
20140718,0.17730571,210.875,1189.33,1187.75,208.021,12.232,0,3.25,0.401,25.36363636,0,0,801,44.7177,1.526,18.45,12.97
20140719,0.175138708,208.021,1187.75,1186.1,203.938,12.633,0,2.887,1.356,16.40909091,0,0,796,32.1721,1.051,19.35,11.52
20140720,0.171939971,203.938,1186.1,1184.39,210.25,13.989,0,1.642,2.172,18.79166667,0,0,804,14.70367,0.995,21.15,13.15
20140721,0.177517541,210.25,1184.39,1182.61,207.875,16.161,0,1.377,1.565,18.54545455,0,0,798,18.46506,1.722,23.85,16.32
20140722,0.175776461,207.875,1182.61,1180.76,208.521,17.726,0,2.042,0.02,19.91666667,0,0,767,18.26279,1.365,24.75,17.65
20140723,0.17659897,208.521,1180.76,1178.84,161,17.746,0,1.981,0.37,30.54545455,0,0,722,16.9706,1.643,25.55,17.95
20140724,0.136574938,161,1178.84,1176.86,208.354,18.116,0,2.173,-0.705,26.04545455,0,0,812,23.13693,1.846,25.35,17.35
20140725,0.177042299,208.354,1176.86,1174.8,207.729,17.411,0,2.107,-0.665,25.09090909,0,0,815,29.51353,1.873,23.55,17.05
20140726,0.176820735,207.729,1174.8,1172.68,214.479,16.746,0,2.745,1.028,22.91666667,0,0,827,32.88057,1.664,23.75,16.25
20140727,0.182896442,214.479,1172.68,1170.48,216.792,17.774,0,2.125,-0.03,19.45833333,0,0,842,15.95905,1.311,24.45,17.55
20140728,0.185216322,216.792,1170.48,1168.21,219.771,17.744,0,1.748,0.64,18.5,0,0,847,13.68734,1.286145,24.65,17.95
20140729,0.188126279,219.771,1168.21,1165.86,220.313,18.384,0,1.771,-0.942,15.875,0,0,850,21.2092,1.254,25.45,18.95
20140730,0.188970374,220.313,1165.86,1163.44,225.667,17.442,0,2.067,0.168,15.54166667,0,0,867,16.64527,0.953,24.35,19.03
20140731,0.19396531,225.667,1163.44,1160.95,224.563,17.61,0,2.002,-0.899,23.29166667,0,0,865,31.08427,1.41,26.45,19.07
20140801,0.19343038,224.563,1160.95,1158.38,223.958,16.711,0,3.358,-3.457,26.81818182,0,0,858,48.64793,1.671,22.15,16.86
20140802,0.193337247,223.958,1158.38,1155.73,218.625,13.254,0,3.27,0.198,18,0,0,850,41.30624,1.063,19.45,11.75
20140803,0.189166155,218.625,1155.73,1153.01,215.979,13.452,0,3.184,-3.697,20.04166667,0,0,877,39.0036,0.856,20.35,12.47
20140804,0.187317543,215.979,1153.01,1150.21,238.063,9.755,0,3.649,1.977,24.25,0,0,905,54.4935,0.881,16.55,11.53
20140805,0.206973509,238.063,1150.21,1147.33,232.25,11.732,0,4.011,6.073,32.81818182,0.31,0.3,881,67.069,2.058,20.35,12.1
20140806,0.202426503,232.25,1147.33,1144.36,197.438,17.805,0,4.649,2.175,25.83333333,0.07,0.02,814,52.1195,2.276,22.65,16.65
20140807,0.172531371,197.438,1144.36,1141.32,226.542,19.98,0,3.79,-2.267,18.66666667,0,0,746,44.34197,1.549,24.95,19.08
20140808,0.198491221,226.542,1141.32,1138.2,233.583,17.713,0,2.801,-1.804,16.20833333,0,0,898,33.76594,1.199,24.55,18.69
20140809,0.205221402,233.583,1138.2,1134.99,239.938,15.909,0,2.598,-0.01,14.70833333,0,0,923,39.98389,1.021,23.75,17.89
20140810,0.211400982,239.938,1134.99,1131.7,243.125,15.899,0,2.954,-0.02,15.95833333,0,0,933,44.06543,0.953,24.15,18.58
20140811,0.214831669,243.125,1131.7,1128.33,240.771,15.879,0,3.333,-1.686,26.58333333,0,0,924,47.56113,1.425,23.35,17.83
20140812,0.213387041,240.771,1128.33,1124.87,241.375,14.193,0,3.48,-3.682,21.70833333,0,0,927,49.04984,1.197142,20.45,15
20140813,0.214580352,241.375,1124.87,1121.33,248.75,10.511,0,3.686,-1.845,24.91666667,0,0,949,40.93211,1.01,16.45,10.19
20140814,0.221834785,248.75,1121.33,1117.7,250.208,8.666,0,2.774,1.161,25.41666667,0,0,962,27.03803,1.115,16.25,9.1
20140815,0.223859712,250.208,1117.7,1113.98,251.792,9.827,0,2.778,1.508,26.375,0,0,963,26.72966,1.276,18.15,11.5
20140816,0.226029193,251.792,1113.98,1110.19,250.792,11.335,0,2.646,1.093,34.25,0,0,958,28.12476,1.643,19.95,13.11
20140817,0.225900071,250.792,1110.19,1106.3,250.25,12.428,0,2.63,0.669,25.66666667,0,0,963,29.78492,1.376,20.55,14.05
20140818,0.226204465,250.25,1106.3,1102.33,254.438,13.097,0,2.132,0.677,26,0,0,978,21.48071,1.445,20.05,13.85
20140819,0.230818357,254.438,1102.33,1098.27,253.75,13.774,0,2.13,-0.028,22,0,0,978,19.64592,1.155,20.55,14.65
20140820,0.231045189,253.75,1098.27,1094.12,255.188,13.746,0,2.07,0.38,19.08333333,0,0,988,22.17729,1.056,21.25,14.95
20140821,0.233235843,255.188,1094.12,1089.89,257.896,14.126,0,2.475,1.111,14.66666667,0,0,993,28.95389,1.012,23.05,14.95
20140822,0.236625715,257.896,1089.89,1085.56,262.479,15.237,0,2.417,1.279,14.83333333,0,0,1006,29.84204,1.042,24.65,16.65
20140823,0.241791334,262.479,1085.56,1081.15,263.438,16.516,0,2.284,2.644,15.41666667,0,0,1014,44.61413,1.028,25.55,19.55
20140824,0.243664616,263.438,1081.15,1076.66,260.854,19.16,0,3.718,-1.818,19.79166667,0,0,1006,41.51364,1.29,25.85,20.17
20140825,0.242280757,260.854,1076.66,1072.07,261.813,17.342,0,3.199,-0.542,16.66666667,0,0,1015,38.62782,1.324,25.55,19.85
20140826,0.244212598,261.813,1072.07,1067.4,265.458,16.8,0,2.891,-1.4,9.041666667,0,0,1040,34.73983,0.752,25.7,19.18
20140827,0.248695897,265.458,1067.4,1062.64,275.563,15.4,0,2.615,0.334,15.125,0,0,1063,35.22149,0.868,24.95,18.18
20140828,0.259319243,275.563,1062.64,1057.79,271.25,15.734,0,2.722,1.779,17.95833333,0,0,1048,37.56759,1.292,25.35,18.67
20140829,0.256430861,271.25,1057.79,1052.86,268.708,17.513,0,2.699,0.385,14.5,0,0,1046,28.06873,1.134,25.45,19.45
20140830,0.255217218,268.708,1052.86,1047.86,273.563,17.898,0,2.17,1.414,11.66666667,0,0,1060,18.83437,0.895,26.15,19.81
20140831,0.261068272,273.563,1047.86,1042.92,274.021,19.312,0,1.662,2.162,8.458333333,0,0,1071,8.18418,0.957,27.75,20.63
20140901,0.262744026,274.021,1042.92,1037.9,275.896,21.474,0,1.844,-2.177,25.54166667,0,0,1076,36.26584,1.478,30.95,24.52
20140902,0.26582137,275.896,1037.9,1032.8,272.708,19.297,0,3.224,-2.083,15.95833333,0,0,1056,33.05713,1.281,25.95,18.07
20140903,0.26404725,272.708,1032.8,1027.61,275.833,17.214,0,1.882,3.656,11.5,0,0,1074,14.20481,1.021,26.05,17.18
20140904,0.268421872,275.833,1027.61,1022.35,270.938,20.87,0,2.09,0.009,17.16666667,0,0,1060,25.90969,1.493,30.95,20.82
20140905,0.265014917,270.938,1022.35,1017.01,235.417,20.879,0,2.257,2.234,15.29166667,0,0,991,28.65425,1.411,27.85,20.86
20140906,0.231479533,235.417,1017.01,1011.58,222.125,23.113,0,2.124,0.481,12.66666667,0,0,868,25.38812,1.613,29.65,22.54
20140907,0.219582238,222.125,1011.58,1006.08,271.5,23.594,0,1.88,1.641,10.875,0,0,1088,22.80113,1.391,31.55,24.59
20140908,0.269859256,271.5,1006.08,1000.51,272.063,25.235,0,2.52,0.85,12,0,0,1097,22.57588,1.444,34.44,26.81
20140909,0.271924319,272.063,1000.51,994.79,274.917,26.085,0,3.302,-2.412,15.85714286,0,0,1098,36.43193,1.544,35,29.08
20140910,0.276356819,274.917,994.79,989.07,280.833,23.673,0,3.122,-0.524,13.83333333,0,0,1104,33.89346,1.478,30.85,23.07
20140911,0.283936425,280.833,989.07,983.27,278.729,23.149,0,2.728,-0.819,12.75,0,0,1106,39.87247,1.286,30.45,23.36
20140912,0.283471478,278.729,983.27,977.4,286,22.33,0,3.052,-1.453,15.91666667,0,0,1121,41.41341,1.224,30.14,23.49
20140913,0.292613055,286,977.4,971.46,294.292,20.877,0,2.384,0.584,13.7,0,0,1152,23.49483,1.061,29.15,22.82
20140914,0.302937846,294.292,971.46,965.46,298.625,21.461,0,2.167,1.853,10.7,0,0,1167,18.69607,0.878,30.05,23.87
20140915,0.309308516,298.625,965.46,959.39,296,23.314,0,1.915,0.07,18.9,0,0,1159,30.95943,1.285,31.95,26.05
20140916,0.308529378,296,959.39,953.25,279.563,23.384,0,2.415,-0.658,18.7,0,0,1130,23.29088,1.353,30.65,24.18
20140917,0.293273538,279.563,953.25,947.05,292,22.726,0,2.623,1.433,21.2,0,0,1152,36.16431,1.504,30.15,23.66
20140918,0.308325854,292,947.05,940.78,285.979,24.159,0,2.328,1.306,16.2,0,0,1131,22.53262,1.415,32.05,23.51
20140919,0.303980739,285.979,940.78,934.46,284.646,25.465,0,2.726,0.761,12.16666667,0,0,1126,18.17993,1.451,33.5,24.67
20140920,0.304610149,284.646,934.46,928.08,269.146,26.226,0,3.347,-6.747,21.875,0,0,1167,54.92609,1.605,35.15,26.64
20140921,0.290003017,269.146,928.08,921.64,309.583,19.479,0,3.378,-0.447,15.125,0,0,1218,34.50478,0.801,27.06,19.82
20140922,0.335904475,309.583,921.64,915.15,318.396,19.032,0,2.506,2.989,10.5,0,0,1235,26.33135,0.727,27.78,21.35
20140923,0.347916735,318.396,915.15,908.61,301.583,22.021,0,3.004,-1.471,25.75,0,0,1209,41.07186,1.523,33.03,24.79
20140924,0.331916884,301.583,908.61,902.02,312.417,20.55,0,3.01,1.279,31.125,0,0,1216,37.30726,1.917,28.63,19.87
20140925,0.346352631,312.417,902.02,895.38,310.542,21.829,0,2.464,0.394,27.66666667,0,0,1219,31.24227,1.494,30.05,22.75
20140926,0.346827046,310.542,895.38,888.7,314.667,22.223,0,2.526,0.754,23.16666667,0,0,1232,27.86837,1.304,30.62,24.91
20140927,0.354075616,314.667,888.7,881.98,314.146,22.977,0,2.231,1.645,14.66666667,0,0,1242,21.55394,0.998,31.55,25.33
20140928,0.35618268,314.146,881.98,875.21,316.146,24.622,0,1.953,2.117,10.16666667,0,0,1255,16.82548,0.838,33.55,26.95
20140929,0.361223021,316.146,875.21,868.41,313,26.739,0,1.553,2.162,8.666666667,0,0,1254,10.06353,0.93,35.25,29.6
20140930,0.36042883,313,868.41,861.58,311.542,28.901,0,1.644,-0.106,10,0,0,1251,27.80787,1.182,36.52,30.58
20141001,0.361593816,311.542,861.58,854.71,305.458,28.795,0,3.775,-2.747,17.83333333,0,0,1236,56.36879,1.714,35.36,28.64
20141002,0.357382036,305.458,854.71,847.82,304.667,26.048,0,3.536,0.385,16.5,0,0,1243,35.85237,1.273,33.85,26.55
20141003,0.3593534,304.667,847.82,840.9,314.979,26.433,0,2.534,0.612,11.16666667,0,0,1256,23.78435,1.079,34.55,27.6
20141004,0.374573671,314.979,840.9,833.95,306.354,27.045,0,2.053,0.966,10.75,0,0,1249,19.34259,1.330415,34.65,29.08
20141005,0.367352959,306.354,833.95,826.97,317.896,28.011,0,2.095,2.51,11.25,0,0,1270,18.74896,1.151,35.46,30.53
20141006,0.384410559,317.896,826.97,819.99,315.563,30.521,0,2.023,-2.747,17.75,0,0,1276,38.26187,1.719,38.15,33.02
20141007,0.38483762,315.563,819.99,813,305.833,27.774,0,3.622,-3.193,21.25,0,0,1260,44.4892,1.418,33.95,25.95
20141008,0.376178352,305.833,813,806,314.813,24.581,0,2.851,1.306,18.625,0,0,1278,34.49696,1.248,34.65,25.05
20141014,0.430621457,331.979,770.93,763.93,219.021,21.304,0,3.535,-1.605,15.5,0,0,1121,38.02733,0.963,28.17,19.91
20141024,0.474443954,332.979,701.83,695.09,280.438,28.903,0,2.464,0.832,11.75,0,0,1263,22.06669,1.776,36.26,31.53
20141031,0.496108154,325.313,655.73,649.37,266.854,31.107,0,2.957,-3.62,26.77777778,1.55,1.6,1078,31.88926,2.855,39.39,33.64
20141101,0.410942914,266.854,649.37,643.08,92.458,27.487,0,2.958,-1.557,26.33333333,0,0,420,24.4939,3.253202,29.44,26.77
20141114,0.565688102,324.688,573.97,568.82,222.979,31.922,1.4,2.898,-3.581,17.5,0,0,523,34.06511,3.501373,36.18,33.33
20141118,0.530384088,293.854,554.04,549.34,194.5,28.382,0,3.357,2.634,60.33333333,0,0,1031,34.57751,2.212,36.12,32.07
20141124,0.537091791,283.375,527.61,523.63,129.271,27.285,5.8,2.867,1.159,41,4.47,4.4,913,44.13907,3.77311,37.05,33.2
20141125,0.246874702,129.271,523.63,519.79,234.208,28.444,0,4.215,0.936,31.5,1.57,1.62,1118,50.8154,3.699043,33.25,29.94
20141129,0.602125611,306.5,509.03,505.71,238.417,29.492,1,2.615,-1.98,30,1.01,1.04,730,16.45886,4.29412,35.12,33.36
20141217,0.664226279,312.917,471.1,470.4,188.292,32.197,0,2.536,-6.621,70.625,9.51,9.46,461,14.575822,4.814,34.3,30.41
20141224,0.487521837,228.833,469.38,469.75,153.104,22.97,4.8,2.967,-3.578,89.08333333,1.12,1.8,375,31.37699,5.145,24.97,23.35
