,TA_F,SW_IN_POT,SW_IN_F,LW_IN_F,VPD_F,P_F,WS_F,LE_F_MDS,H_F_MDS
0,-11.737,129.281,52.116,210.79,0.316,1.087,2.975,97.24,95.2006
1,-10.436,129.904,42.156,230.605,0.246,1.698,2.848,104.216,110.224
2,-9.59,130.587,42.26,225.677,0.425,0.124,2.35,99.6467,96.264
3,-5.96,131.327,7.835,276.763,0.439,9.97,6.555,97.24,95.2006
4,-8.42,132.127,46.416,250.701,0.35,6.105,8.359,104.216,110.224
5,-9.605,132.985,45.458,243.497,0.272,4.568,6.007,99.6467,96.264
6,-9.537,133.901,50.956,235.347,0.319,2.255,4.164,97.24,95.2006
7,-6.554,134.875,60.551,242.725,0.68,0.128,5.282,104.216,110.224
8,-3.825,135.908,62.85,247.26,1.043,0.355,6.332,99.6467,96.264
9,-9.424,136.998,38.798,246.208,0.21,3.151,3.526,97.24,95.2006
10,-11.552,138.144,55.802,219.848,0.27,1.475,3.031,104.216,110.224
11,-9.734,139.348,54.791,228.293,0.341,2.268,3.173,99.6467,96.264
12,-4.763,140.608,41.317,270.315,0.469,3.978,5.024,97.24,95.2006
13,-12.545,141.925,25.702,236.596,0.142,3.202,4.639,104.216,110.224
14,-16.07,143.297,69.846,184.868,0.258,0.46,3.203,99.6467,96.264
15,-9.558,144.725,50.59,235.941,0.358,1.69,5.285,97.24,95.2006
16,-8.608,146.207,39.043,248.234,0.281,3.264,3.35,104.216,110.224
17,-9.67,147.744,62.368,232.2,0.344,1.37,2.987,99.6467,96.264
18,-12.178,149.335,60.068,221.562,0.19,1.394,2.91,97.24,95.2006
19,-16.711,150.98,71.091,185.537,0.227,0.873,1.813,104.216,110.224
20,-17.157,152.677,49.945,199.999,0.213,0.352,2.193,99.6467,96.264
21,-13.403,154.427,65.404,219.296,0.312,1.87,3.418,97.24,95.2006
22,-8.571,156.229,72.042,239.304,0.5,0.867,2.284,104.216,110.224
23,-9.96,158.082,49.727,241.259,0.191,0.58,5.344,99.6467,96.264
24,-9.779,159.985,68.787,225.221,0.358,0.402,5.982,97.24,95.2006
25,-10.909,161.938,80.803,213.491,0.302,0.113,2.513,104.216,110.224
26,-9.66,163.939,73.235,242.89,0.487,2.514,3.184,99.6467,96.264
27,-3.256,165.989,20.427,294.966,0.519,9.18,7.075,97.24,95.2006
28,-6.747,168.087,67.985,248.376,0.509,3.289,8.021,104.216,110.224
29,-10.097,170.233,56.039,245.529,0.281,4.304,4.91,99.6467,96.264
30,-10.459,172.423,63.988,243.02,0.353,2.364,4.955,97.24,95.2006
31,-9.609,174.659,36.867,260.79,0.351,2.401,5.659,104.216,110.224
32,-10.312,176.939,80.902,227.471,0.369,0.262,2.308,99.6467,96.264
33,-12.568,179.263,87.866,216.634,0.291,0.079,1.971,97.24,95.2006
34,-13.324,181.63,83.981,222.104,0.191,0.739,2.571,104.216,110.224
35,-13.238,184.037,83.259,216.139,0.202,1.019,2.02,99.6467,96.264
36,-13.169,186.486,91.518,207.534,0.438,0.13,1.356,97.24,95.2006
37,-10.276,188.975,89.469,239.267,0.499,0.198,1.765,104.216,110.224
38,-6.493,191.502,96.355,241.992,0.698,0.8185,1.604,99.6467,96.264
39,-4.791,194.067,72.6,273.562,0.501,1.439,2.628,97.24,95.2006
40,-6.233,196.668,78.333,254.903,0.4,1.61,5.221,104.216,110.224
41,-8.783,199.306,92.082,235.876,0.548,0.903,1.543,99.6467,96.264
42,-11.532,201.978,67.316,236.955,0.254,4.726,4.187,97.24,95.2006
43,-12.375,204.683,97.778,221.625,0.329,2.515,5.595,104.216,110.224
44,-10.762,207.422,84.916,230.639,0.328,2.489,4.955,99.6467,96.264
45,-9.278,210.191,101.797,233.761,0.598,1.318,4.424,97.24,95.2006
46,-7.468,212.991,84.906,247.316,0.611,0.438,2.665,104.216,110.224
47,-13.114,215.82,76.045,217.295,0.173,1.469,2.448,99.6467,96.264
48,-14.886,218.677,109.657,198.217,0.325,1.2028,1.875,97.24,95.2006
49,-15.965,221.561,126.877,181.921,0.302,0.9366000000000001,1.668,104.216,110.224
50,-16.059,224.471,111.754,195.935,0.265,0.6704000000000001,2.021,99.6467,96.264
51,-14.213,227.405,122.675,190.08,0.487,0.4042000000000001,1.504,97.24,95.2006
52,-13.187,230.363,124.937,198.913,0.433,0.138,1.885,104.216,110.224
53,-14.626,233.344,126.773,193.974,0.299,0.225,2.278,99.6467,96.264
54,-12.712,236.345,111.544,216.907,0.314,0.312,1.792,97.24,95.2006
55,-13.172,239.367,131.908,205.403,0.378,0.399,1.689,104.216,110.224
56,-12.179,242.407,121.444,219.293,0.357,0.486,1.961,99.6467,96.264
57,-13.421,245.465,131.767,199.258,0.377,0.6313333333333333,2.581,97.24,95.2006
58,-7.006,248.54,147.507,218.867,0.809,0.7766666666666666,3.104,104.216,110.224
59,-2.425,251.63,107.169,270.41,0.759,0.922,5.827,99.6467,96.264
60,-4.411,254.735,125.555,247.837,0.649,0.239,3.139,97.24,95.2006
61,-6.077,257.851,64.599,274.601,0.463,9.196,3.924,104.216,110.224
62,-11.918,260.981,83.931,240.092,0.261,7.297,6.551,99.6467,96.264
63,-9.383,264.121,125.855,228.431,0.495,1.904,4.003,97.24,95.2006
64,-6.303,267.272,154.704,225.063,0.967,0.468,4.66,104.216,110.224
65,-5.337,270.429,136.606,246.407,0.619,0.731,3.097,99.6467,96.264
66,-9.734,273.596,98.043,243.495,0.211,2.041,7.184,97.24,95.2006
67,-13.336,276.768,136.85,213.167,0.264,0.897,7.211,104.216,110.224
68,-13.581,279.945,97.114,233.368,0.255,1.724,5.783,99.6467,96.264
69,-11.492,283.126,144.562,225.62,0.443,0.151,3.503,97.24,95.2006
70,-9.04,286.311,146.664,242.408,0.389,0.245,2.638,104.216,110.224
71,-7.144,289.497,135.243,246.871,0.445,1.3,2.582,99.6467,96.264
72,-4.628,292.684,162.966,235.957,0.809,1.495,3.875,97.24,95.2006
73,-4.444,295.872,158.337,239.274,0.978,0.567,3.535,104.216,110.224
74,-4.384,299.057,133.894,248.425,0.724,2.846,5.347,99.6467,96.264
75,-6.618,302.242,165.578,229.383,0.681,0.899,2.327,97.24,95.2006
76,-6.263,305.422,171.349,226.955,0.894,0.379,2.284,104.216,110.224
77,-7.398,308.598,130.378,247.828,0.544,0.503,2.414,99.6467,96.264
78,-8.944,311.769,174.485,220.238,0.519,0.273,2.103,97.24,95.2006
79,-9.219,314.934,181.314,211.302,0.693,0.186,2.138,104.216,110.224
80,-3.733,318.092,190.251,231.008,1.101,0.1884,4.09,99.6467,96.264
81,0.386,321.242,188.223,250.382,1.367,0.1908,5.818,97.24,95.2006
82,0.556,324.383,186.697,254.048,1.242,0.1932,4.391,104.216,110.224
83,0.187,327.513,173.914,264.533,0.851,0.1956,3.728,99.6467,96.264
84,-3.303,330.633,178.887,255.711,0.573,0.198,2.324,97.24,95.2006
85,-1.064,333.741,82.723,299.814,0.584,4.815,3.993,104.216,110.224
86,-3.461,336.837,24.12,303.628,0.212,13.349,3.609,99.6467,96.264
87,-5.547,339.918,111.866,278.356,0.43,3.131,3.651,97.24,95.2006
88,-5.267,342.987,178.626,245.556,0.713,0.88,3.098,104.216,110.224
89,-4.537,346.039,196.79,228.537,0.899,0.07,2.286,99.6467,96.264
90,-2.943,349.076,206.507,233.012,1.045,0.228,3.057,97.24,95.2006
91,-1.49,352.095,195.804,244.177,0.925,1.496,3.365,104.216,110.224
92,-3.401,355.098,204.989,236.341,1.189,0.7795,2.183,99.6467,96.264
93,-1.008,358.082,151.329,270.984,1.333,0.063,2.58,97.24,95.2006
94,-3.321,361.047,196.879,260.456,0.944,2.38525,1.819,104.216,110.224
95,-4.072,363.992,134.827,274.615,0.486,4.7075,3.313,99.6467,96.264
96,0.068,366.916,210.378,262.498,1.318,7.029749999999999,3.31,97.24,95.2006
97,0.177,369.82,82.86,303.927,1.246,9.352,4.841,104.216,110.224
98,-7.985,372.701,146.071,243.168,0.554,2.389,4.593,99.6467,96.264
99,-2.583,375.559,219.835,233.556,1.333,2.0576666666666665,4.119,97.24,95.2006
100,2.945,378.394,211.598,271.314,1.996,1.7263333333333333,4.522,104.216,110.224
101,2.614,381.206,79.318,321.455,1.081,1.395,3.714,99.6467,96.264
102,1.001,383.991,92.919,316.413,0.23,3.027,2.306,97.24,95.2006
103,0.508,386.752,121.856,304.202,0.537,0.338,2.082,104.216,110.224
104,4.153,389.488,225.462,264.015,2.158,1.8476000000000001,3.639,99.6467,96.264
105,6.921,392.196,222.859,287.971,3.526,3.3572,5.857,97.24,95.2006
106,8.556,394.877,178.602,305.96,4.087,4.8668000000000005,10.084,104.216,110.224
107,1.949,397.53,222.869,266.53,1.859,6.3764,4.138,99.6467,96.264
108,-0.997,400.155,67.871,287.71,0.32,7.886,1.714,97.24,95.2006
109,1.803,402.751,215.257,274.614,1.688,4.6075,2.164,104.216,110.224
110,-0.983,405.317,122.34,284.242,0.708,1.329,2.843,99.6467,96.264
111,2.432,407.853,225.773,258.646,2.286,1.362,4.005,97.24,95.2006
112,5.558,410.357,186.198,300.57,2.761,1.395,4.682,104.216,110.224
113,3.522,412.832,111.855,308.625,0.619,1.212,2.898,99.6467,96.264
114,6.012,415.274,220.207,294.486,1.886,2.4922000000000004,1.789,97.24,95.2006
115,5.689,417.684,127.917,305.43,2.012,3.7724,1.895,104.216,110.224
116,7.134,420.061,225.581,290.687,2.662,5.052600000000001,2.786,99.6467,96.264
117,9.276,422.404,220.012,300.868,2.577,6.332800000000001,6.679,97.24,95.2006
118,5.266,424.715,75.21,316.011,0.531,7.613,1.918,104.216,110.224
119,1.398,426.99,35.483,307.08,0.194,14.918,3.691,99.6467,96.264
120,2.588,429.23,223.126,263.311,2.29,0.651,5.801,97.24,95.2006
121,9.927,431.436,240.463,307.246,3.813,0.538,8.892,104.216,110.224
122,8.078,433.606,200.417,311.735,2.138,0.425,1.721,99.6467,96.264
123,4.429,435.739,231.788,277.621,1.991,0.083,2.686,97.24,95.2006
124,4.05,437.836,254.976,255.796,3.017,0.15550000000000003,3.716,104.216,110.224
125,7.104,439.896,234.927,289.24,3.719,0.228,1.621,99.6467,96.264
126,6.925,441.918,50.341,336.623,1.848,1.985,3.182,97.24,95.2006
127,1.818,443.902,139.729,283.463,1.065,16.148,4.735,104.216,110.224
128,1.074,445.848,229.247,249.83,1.884,0.545,5.14,99.6467,96.264
129,2.363,447.756,238.162,252.604,2.321,0.671,2.312,97.24,95.2006
130,6.396,449.624,250.396,273.751,3.733,2.2623333333333333,3.213,104.216,110.224
131,9.264,451.452,254.53,289.823,3.625,3.8536666666666664,3.468,99.6467,96.264
132,10.125,453.24,196.276,328.878,2.703,5.445,4.573,97.24,95.2006
133,6.984,454.988,179.557,307.045,1.403,3.685,4.071,104.216,110.224
134,5.238,456.695,247.332,273.764,1.862,3.0343999999999998,2.132,99.6467,96.264
135,2.621,458.361,236.477,275.136,1.303,2.3838,2.634,97.24,95.2006
136,3.789,459.986,259.027,266.979,1.669,1.7331999999999999,1.12,104.216,110.224
137,8.734,461.569,257.259,285.727,2.988,1.0825999999999998,1.889,99.6467,96.264
138,8.945,463.11,238.025,307.098,2.068,0.432,1.161,97.24,95.2006
139,9.227,464.608,219.462,310.797,1.893,0.562,2.699,104.216,110.224
140,5.776,466.064,256.859,280.928,1.887,0.121,2.679,99.6467,96.264
141,6.282,467.475,252.748,280.63,2.157,0.14933333333333332,1.236,97.24,95.2006
142,9.385,468.844,271.479,287.401,2.985,0.17766666666666667,1.289,104.216,110.224
143,12.001,470.169,275.969,297.189,3.759,0.206,1.985,99.6467,96.264
144,12.38,471.45,264.835,305.872,3.399,0.23433333333333334,1.77,97.24,95.2006
145,12.669,472.686,256.387,315.499,4.013,0.26266666666666666,2.412,104.216,110.224
146,10.807,473.878,139.503,337.724,2.389,0.291,3.781,99.6467,96.264
147,11.958,475.025,216.348,342.367,2.705,0.12,2.756,97.24,95.2006
148,14.416,476.126,231.289,341.067,3.174,2.905333333333334,3.694,104.216,110.224
149,17.577,477.182,246.475,348.912,5.997,5.690666666666668,5.216,99.6467,96.264
150,13.193,478.193,93.638,364.504,2.159,8.476,2.204,97.24,95.2006
151,8.869,479.157,18.405,358.033,0.085,15.698,2.567,104.216,110.224
152,7.032,480.076,192.312,315.333,1.481,4.285,4.916,99.6467,96.264
153,11.886,480.948,233.652,329.992,3.161,3.51,6.982,97.24,95.2006
154,7.871,481.773,161.744,299.931,1.187,5.52,2.542,104.216,110.224
155,8.971,482.552,281.021,276.716,3.417,5.868222222222222,1.226,99.6467,96.264
156,11.559,483.283,267.961,303.223,3.55,6.216444444444444,1.428,97.24,95.2006
157,12.328,483.969,281.755,302.067,3.282,6.564666666666667,1.478,104.216,110.224
158,12.487,484.606,277.576,308.901,2.889,6.912888888888888,1.238,99.6467,96.264
159,12.389,485.196,273.709,313.581,2.852,7.261111111111111,1.375,97.24,95.2006
160,14.898,485.737,251.637,335.033,4.177,7.609333333333334,3.839,104.216,110.224
161,14.767,486.233,266.815,331.645,3.916,7.9575555555555555,2.938,99.6467,96.264
162,15.804,486.68,243.573,349.349,3.789,8.305777777777777,1.489,97.24,95.2006
163,14.657,487.078,116.764,371.139,1.818,8.654,1.868,104.216,110.224
164,7.692,487.43,62.574,341.64,0.4,12.185,2.608,99.6467,96.264
165,10.616,487.733,279.652,294.356,3.305,8.189333333333334,1.473,97.24,95.2006
166,13.704,487.987,272.137,314.894,4.202,4.193666666666667,2.036,104.216,110.224
167,14.544,488.194,235.39,343.142,2.861,0.198,2.503,99.6467,96.264
168,14.61,488.353,186.505,359.334,2.126,0.133,5.708,97.24,95.2006
169,16.47,488.463,197.252,368.576,3.286,0.068,3.871,104.216,110.224
170,16.242,488.526,166.807,375.225,2.442,0.319,2.037,99.6467,96.264
171,13.636,488.539,179.072,367.568,1.316,0.222,2.605,97.24,95.2006
172,13.392,488.505,256.159,337.015,2.413,0.127,1.978,104.216,110.224
173,15.914,488.423,248.05,354.98,2.967,0.6014285714285714,1.602,99.6467,96.264
174,16.532,488.293,272.17,342.682,3.755,1.0758571428571426,2.893,97.24,95.2006
175,15.058,488.115,254.473,342.496,3.614,1.550285714285714,2.675,104.216,110.224
176,14.355,487.888,165.896,360.95,2.662,2.0247142857142855,2.368,99.6467,96.264
177,12.896,487.613,187.426,346.993,2.385,2.499142857142857,2.686,97.24,95.2006
178,11.619,487.291,262.757,318.459,2.495,2.973571428571428,2.932,104.216,110.224
179,10.122,486.922,93.007,345.684,1.269,3.448,2.341,99.6467,96.264
180,9.202,486.506,125.577,340.789,1.657,0.734,2.228,97.24,95.2006
181,11.904,486.041,182.147,342.017,2.959,2.7349,1.74,104.216,110.224
182,12.356,485.53,218.717,331.013,2.914,4.7358,1.506,99.6467,96.264
183,12.786,484.972,222.425,327.583,3.018,6.736700000000001,0.94,97.24,95.2006
184,14.553,484.366,268.077,315.536,3.801,8.7376,2.164,104.216,110.224
185,14.845,483.715,267.05,314.473,4.134,10.7385,1.864,99.6467,96.264
186,14.717,483.016,228.818,326.151,3.907,12.739400000000002,1.314,97.24,95.2006
187,15.563,482.272,279.728,313.177,4.529,14.740300000000001,1.824,104.216,110.224
188,15.459,481.481,281.367,310.813,4.463,16.7412,1.664,99.6467,96.264
189,16.602,480.646,278.019,323.903,5.423,18.7421,1.828,97.24,95.2006
190,15.037,479.763,150.934,361.552,2.979,20.743,5.621,104.216,110.224
191,15.546,478.837,120.272,377.558,1.662,6.453,2.762,99.6467,96.264
192,15.096,477.865,149.458,370.386,0.909,6.142,1.725,97.24,95.2006
193,11.5,476.849,184.606,337.728,1.657,0.368,3.582,104.216,110.224
194,9.329,475.789,160.182,332.452,1.283,1.182,4.585,99.6467,96.264
195,9.897,474.684,106.011,347.361,1.072,2.048,3.447,97.24,95.2006
196,10.514,473.536,126.387,345.309,1.554,0.938,2.455,106.216,106.69
197,12.908,472.343,136.012,356.193,1.831,1.774857142857143,1.259,81.8181,87.9407
198,15.505,471.108,308.664,309.907,4.341,2.6117142857142857,1.8,104.801,104.727
199,15.707,469.832,310.725,297.837,6.044,3.4485714285714284,1.982,102.34,113.229
200,15.292,468.511,276.042,321.072,3.512,4.285428571428572,2.026,97.1506,83.6844
201,13.5,467.15,312.186,289.16,2.828,5.122285714285714,2.197,89.2337,111.676
202,13.789,465.745,217.866,334.524,2.849,5.959142857142857,1.866,72.8879,61.0724
203,14.663,464.3,247.492,331.007,2.69,6.795999999999999,1.873,85.2235,96.4111
204,14.064,462.814,246.677,313.652,4.715,7.632857142857143,2.031,82.0181,79.8387
205,14.708,461.288,319.408,285.7,5.574,8.469714285714286,1.828,91.3333,132.764
206,12.821,459.721,301.76,303.625,2.23,9.306571428571429,2.219,75.3122,108.259
207,9.868,458.114,115.029,351.458,0.732,10.143428571428572,2.313,39.1485,42.8438
208,11.77,456.468,182.908,335.584,1.953,10.980285714285715,1.625,56.8707,63.7172
209,13.799,454.784,202.411,328.834,2.721,11.817142857142859,1.831,60.6726,61.1704
210,11.778,453.06,59.753,369.84,0.413,12.654,2.08,19.9811,7.43041
211,13.053,451.298,130.846,350.726,0.899,0.358,3.566,55.1423,29.2915
212,15.396,449.498,122.307,354.244,1.772,2.248,3.769,49.5448,6.695
213,17.003,447.661,85.328,373.241,1.614,2.3135000000000003,2.881,33.2113,2.25075
214,16.885,445.787,29.83,396.082,0.337,2.379,2.686,14.8069,0.26775
215,17.314,443.877,142.646,384.55,0.879,0.201,5.309,59.851,20.8166
216,18.968,441.931,221.227,348.64,4.517,0.063,2.317,94.8734,45.6949
217,18.447,439.949,264.036,340.0,5.489,0.092,1.624,109.94,47.6579
218,19.645,437.932,184.292,371.173,4.229,2.118,2.443,76.3941,23.4318
219,17.708,435.88,51.255,399.038,0.427,16.191,5.61,99.3176,-20.5899
220,16.792,433.794,65.543,385.821,0.462,15.01,2.571,38.2458,6.7129
221,15.096,431.674,101.805,376.339,0.513,4.858,4.582,63.1789,9.99953
222,16.574,429.52,67.855,375.098,1.026,1.404,4.939,43.6698,-12.3013
223,16.146,427.335,117.82,359.89,1.36,1.707,1.509,58.021,18.9753
224,14.499,425.117,132.25,344.064,1.216,1.2493333333333334,1.792,53.1797,20.3272
225,14.755,422.866,202.436,344.714,1.603,0.7916666666666667,1.926,85.2668,70.1222
226,16.024,420.584,130.605,358.203,1.516,0.334,1.567,63.7525,31.6563
227,16.467,418.272,145.945,357.202,1.858,0.9224285714285716,1.645,69.1927,32.026
228,16.56,415.929,135.304,365.843,1.502,1.5108571428571431,1.67,56.9399,31.383
229,16.918,413.555,165.123,376.665,1.618,2.0992857142857146,1.269,68.8925,52.0704
230,16.152,411.153,189.834,341.74,2.428,2.687714285714286,2.754,72.7276,39.0163
231,16.276,408.721,265.742,319.842,3.505,3.2761428571428577,3.708,102.752,38.9077
232,16.961,406.262,144.145,371.123,2.259,3.864571428571429,4.699,58.1363,15.2909
233,17.541,403.774,61.405,391.991,0.769,4.453,4.982,36.058,-10.8972
234,15.216,401.259,89.221,382.985,0.632,12.964,5.359,81.5005,15.2814
235,13.632,398.717,207.479,310.552,2.784,10.506,3.071,99.7805,29.3244
236,14.836,396.148,155.981,334.848,2.56,8.048,1.971,68.0748,24.1129
237,16.542,393.555,176.289,325.491,3.95,5.59,1.704,90.2604,34.8296
238,17.069,390.935,271.903,291.593,5.775,3.1319999999999997,1.863,122.9,78.1314
239,15.36,388.292,135.283,340.722,2.353,0.674,2.227,77.3439,18.0641
240,14.203,385.624,92.762,373.693,0.794,6.021,4.468,73.4451,-16.4241
241,12.539,382.932,156.723,312.018,2.698,0.409,7.923,86.5804,-46.049
242,14.713,380.218,117.689,353.192,1.975,1.191,5.857,53.114,-22.8081
243,15.89,377.481,245.435,315.169,4.374,0.787,6.045,98.8291,12.9726
244,16.646,374.723,184.756,318.921,5.125,2.509666666666667,5.497,98.5833,-20.7541
245,15.836,371.943,187.326,322.415,2.331,4.232333333333334,5.193,60.0607,22.2349
246,12.748,369.143,162.209,320.314,1.586,5.955,3.299,131.616,22.9184
247,12.153,366.323,213.322,301.45,3.062,0.1,1.676,104.684,66.566
248,11.114,363.484,146.499,316.718,1.477,1.024,2.128,82.8017,33.0215
249,12.541,360.626,167.39,313.01,2.172,2.24275,1.667,63.6184,40.2076
250,12.154,357.75,111.442,326.426,2.218,3.4615,2.364,39.1203,6.17327
251,14.358,354.856,118.104,355.661,2.728,4.68025,1.83,52.2451,23.4078
252,13.95,351.946,36.054,373.254,0.507,5.899,3.348,38.4826,-8.49904
253,15.943,349.02,177.351,328.263,2.198,0.51,5.96,77.9748,-0.784583
254,16.327,346.079,120.897,336.486,2.444,0.192,4.322,49.6348,1.84919
255,14.904,343.122,39.132,366.656,1.263,11.69,2.682,51.5647,-18.6092
256,14.47,340.152,105.067,367.959,1.099,6.237,5.96,74.0763,-9.88885
257,9.594,337.169,190.547,279.848,2.996,1.401,3.742,129.352,17.5773
258,11.58,334.174,218.024,282.152,3.944,1.593,4.013,85.5929,26.8415
259,13.372,331.166,33.047,374.089,0.813,1.785,4.736,13.2917,-13.0693
260,14.188,328.148,109.359,346.785,1.957,0.403,2.904,47.7089,2.04854
261,8.026,325.118,39.188,329.138,1.949,4.616,2.557,44.7808,-23.4769
262,8.384,322.081,158.516,269.677,2.158,0.303,3.095,61.8943,17.9992
263,8.9,319.034,167.239,276.357,2.348,0.167,3.169,74.9774,15.3722
264,9.686,315.98,168.709,270.426,3.192,1.8900000000000001,2.198,60.1806,27.3701
265,11.375,312.917,211.464,250.029,4.737,3.613,1.836,54.7513,57.1534
266,11.58,309.85,216.968,249.099,5.297,5.336,3.619,90.5371,16.6514
267,11.247,306.776,55.178,349.325,1.434,7.059,2.087,39.6201,-2.31842
268,12.286,303.699,58.448,371.936,0.219,12.999,1.91,58.9207,7.05002
269,9.666,300.617,126.104,328.899,0.752,2.219,3.001,51.2147,28.9876
270,9.648,297.532,100.862,334.068,0.903,1.483,2.112,49.5822,3.59837
271,9.214,294.446,53.02,341.922,0.475,7.268,3.129,34.3349,-16.0521
272,10.178,291.359,143.788,302.205,1.246,5.557,2.27,53.7394,20.477
273,9.096,288.271,125.2,304.468,1.886,1.488,3.12,61.8562,21.1651
274,7.739,285.184,63.069,341.861,0.287,18.309,4.084,43.803,-9.12086
275,5.112,282.099,66.226,296.78,0.652,1.904,1.988,34.5608,-4.74214
276,5.697,279.017,106.334,265.279,1.345,2.01,2.25,56.0419,17.658
277,5.97,275.938,138.994,276.564,1.491,2.021,2.764,37.7672,39.9104
278,5.209,272.864,89.343,299.456,1.67,5.213,3.398,63.9052,-2.21235
279,6.379,269.795,134.497,280.541,2.468,0.381,3.918,57.1336,24.4452
280,8.306,266.733,117.902,273.459,2.04,1.63,4.695,35.1982,-10.7223
281,10.311,263.679,119.019,296.175,3.656,0.9934999999999999,3.17,43.2644,6.68643
282,10.44,260.632,126.994,307.176,2.84,0.357,4.651,38.6563,21.867
283,11.114,257.596,69.185,312.864,1.515,0.001,4.272,21.7668,-7.79442
284,7.174,254.57,33.276,341.07,0.336,0.944,2.797,29.7423,3.5985
285,3.47,251.556,44.169,315.194,0.56,5.785,4.69,65.3171,-23.1344
286,1.105,248.553,49.603,306.181,0.257,4.744,4.621,29.5089,-10.7836
287,4.52,245.566,98.914,286.844,1.423,0.957,2.816,28.832,33.2696
288,4.465,242.592,61.963,318.298,0.846,3.125,2.611,27.4832,8.8831
289,4.464,239.635,114.332,254.659,1.713,0.649,3.495,55.656,20.2496
290,6.551,236.694,126.618,269.054,2.641,0.974,4.529,36.7926,20.1266
291,3.24,233.772,75.055,287.335,1.168,2.989,7.069,54.6107,-48.5085
292,4.764,230.867,138.899,241.411,2.577,0.444,4.844,45.18,23.3512
293,7.099,227.984,127.078,246.619,3.526,3.6545,3.179,17.8456,31.1177
294,9.032,225.12,34.302,325.448,1.28,6.865,4.292,23.0769,-32.7518
295,7.911,222.28,30.648,330.114,0.508,14.624,4.136,47.7914,-19.3214
296,1.005,219.463,17.036,314.536,0.05,2.612,7.607,17.2992,-45.5725
297,5.293,216.67,104.082,298.679,2.073,2.251,6.4,29.9772,-2.07107
298,2.203,213.902,42.752,280.451,1.253,0.629,6.12,23.6199,-30.5188
299,4.924,211.16,117.522,277.364,2.487,3.767666666666667,4.901,34.1076,28.7555
300,9.254,208.447,130.186,255.323,3.878,6.906333333333334,4.214,15.9853,15.5369
301,7.193,205.761,21.269,320.652,1.008,10.045,4.787,27.2796,-32.5975
302,4.76,203.105,36.03,318.187,1.264,4.209,5.717,33.92,-13.7783
303,5.477,200.48,109.694,243.465,2.493,2.828333333333333,4.589,22.7694,19.9886
304,7.354,197.886,32.0,284.898,1.341,1.4476666666666667,5.338,5.56251,-28.0579
305,9.529,195.325,47.704,312.876,1.769,0.067,5.0,8.40935,-17.3489
306,11.161,192.797,78.52,316.02,2.108,4.938,6.636,24.8032,-3.35017
307,0.551,190.305,36.079,274.034,1.386,1.743,7.025,39.2473,-7.40412
308,2.371,187.848,20.707,321.304,0.188,6.547,4.982,19.0733,-18.5882
309,1.705,185.427,27.804,300.882,0.52,10.287,2.925,38.5305,-16.7437
310,-3.178,183.044,29.074,279.782,0.756,2.223,6.158,19.125,-4.72739
311,-3.942,180.699,21.304,281.567,0.193,1.723,4.498,21.8887,-24.7677
312,-3.347,178.394,62.209,281.081,0.157,1.019,2.418,28.9997,-4.33306
313,-2.188,176.13,46.84,287.131,0.127,0.595,3.012,33.4864,-4.22901
314,-0.793,173.906,59.092,255.502,0.76,0.237,1.859,27.0688,-3.37876
315,-2.205,171.724,42.997,283.67,0.297,1.111,1.599,36.0232,-10.6447
316,-2.3,169.585,90.056,242.798,0.741,0.405,1.519,61.5005,5.79729
317,-1.787,167.491,99.39,218.118,0.979,0.252,3.43,29.3791,24.0694
318,2.714,165.44,16.333,297.363,1.127,2.213,6.198,44.8288,-16.5822
319,1.354,163.435,14.988,308.451,0.279,5.639,8.218,34.9295,-15.9619
320,-2.193,161.476,40.974,282.752,0.206,3.644,4.798,29.439,-3.1621
321,1.011,159.564,90.377,246.539,1.481,0.011,6.581,32.8982,11.9666
322,0.577,157.7,76.027,212.394,1.416,0.41100000000000003,2.378,30.1474,-7.42743
323,0.673,155.884,76.948,242.55,1.206,0.811,2.323,29.351,7.66668
324,4.493,154.117,32.128,329.643,0.254,7.556,3.624,32.0435,-24.6709
325,-4.668,152.399,19.4,282.145,0.267,4.625,10.017,22.2664,-18.8425
326,-6.673,150.732,42.347,260.03,0.194,3.069,5.827,28.1061,-13.6796
327,-3.285,149.116,48.973,254.626,0.547,0.107,4.489,38.5907,-6.4536
328,0.434,147.551,26.788,301.344,0.696,4.893,4.867,23.2649,-8.09337
329,-7.957,146.039,75.708,238.79,0.3,0.903,0.27,62.2005,-18.7142
330,-6.658,144.578,59.996,224.487,0.422,0.441,0.27,61.5612,-15.6229
331,-3.992,143.171,87.256,183.83,1.473,2.122,1.424,25.4373,19.6128
332,0.812,141.818,32.706,290.393,1.24,3.803,3.343,36.7158,-14.5322
333,2.081,140.519,32.726,304.015,0.129,12.771,2.801,44.984,-21.7988
334,-3.077,139.275,83.832,190.695,0.616,0.07,1.088,31.3096,19.2885
335,-2.035,138.085,33.278,277.333,0.236,0.144,1.267,26.1247,-0.237929
336,-5.496,136.95,34.283,251.548,0.509,3.202,3.242,54.9443,-27.0
337,-9.773,135.872,29.33,253.26,0.268,3.989,6.792,57.2439,-33.7149
338,-9.092,134.85,46.213,253.628,0.198,2.013,5.607,21.3652,-17.6529
339,-5.92,133.883,46.694,264.551,0.185,4.425,3.589,24.2347,-17.5201
340,-6.831,132.974,25.534,267.053,0.146,16.659,4.342,26.7303,-19.0394
341,-9.574,132.122,43.099,249.138,0.183,3.085,5.814,40.3059,-22.5551
342,-10.134,131.328,55.876,224.586,0.258,3.078,3.837,39.1301,-9.33315
343,-8.319,130.591,49.522,232.817,0.464,0.922,3.064,39.0221,-19.872
344,-5.919,129.912,45.893,267.583,0.242,0.188,2.526,61.0536,-24.8367
345,-4.872,129.291,76.964,216.773,0.465,0.135,2.613,25.6862,-1.64611
346,-5.282,128.728,73.357,193.845,0.951,0.082,2.465,24.0185,-3.56799
347,-2.865,128.224,26.983,293.38,0.25,0.48550000000000004,5.456,22.3936,-7.41256
348,-3.129,127.779,37.164,261.876,0.459,0.889,5.411,30.4849,1.8131
349,-7.5,127.392,55.881,220.795,0.443,0.533,2.07,31.5817,-13.3248
350,-8.617,127.065,62.865,211.696,0.765,2.698,1.947,57.8071,-17.2317
351,-5.44,126.796,20.347,279.809,0.164,4.863,4.022,55.6948,-31.3801
352,-3.828,126.587,28.506,282.993,0.094,7.068,2.325,19.606,-24.7648
353,-6.485,126.437,26.079,258.491,0.142,3.098,2.512,22.7796,-23.7819
354,-6.53,126.347,39.33,258.72,0.277,1.293,4.393,32.5195,-22.5552
355,-4.687,126.316,18.428,266.72,0.408,2.911,7.089,28.461,-9.0697
356,-5.262,126.345,47.25,269.171,0.548,2.058,5.419,28.7167,-6.97768
357,-5.851,126.433,46.374,247.478,0.442,1.663,3.346,44.4664,-24.4194
358,-7.655,126.581,34.97,245.624,0.355,4.446,2.69,36.0163,-26.5449
359,-6.694,126.788,23.703,260.959,0.235,6.76,4.53,28.7147,-27.9477
360,-10.457,127.055,50.358,213.203,0.329,0.577,2.427,48.7507,-27.2158
361,-7.014,127.381,47.732,247.287,0.505,0.592,4.576,39.139,-22.9776
362,-3.234,127.768,10.167,286.561,0.216,4.262,6.168,30.0333,-3.66204
363,-7.842,128.213,33.059,249.506,0.276,4.652,5.279,39.2589,-22.4371
364,-5.404,128.717,20.53,273.034,0.231,4.285,5.628,59.5051,-26.5136
365,-6.732,129.281,46.502,245.582,0.431,1.697,4.74,32.7679,-25.817
366,-7.856,129.904,46.825,235.106,0.375,2.442,2.666,48.7507,-27.2158
367,-8.315,130.587,41.676,233.962,0.363,1.753,3.129,36.8149,-16.6427
368,-8.593,131.327,56.718,222.536,0.401,3.233,2.525,32.7679,-25.817
369,-10.069,132.127,40.508,230.939,0.334,3.923,1.455,48.7507,-27.2158
370,-10.087,132.985,57.735,216.27,0.423,1.956,2.557,37.9558,-19.5954
371,-8.777,133.901,80.57,202.844,0.421,0.293,2.456,69.7077,-16.9415
372,-6.889,134.875,12.894,252.963,0.363,10.022,4.507,71.8369,-25.0625
373,-7.914,135.908,51.213,238.725,0.333,0.63,2.454,36.8149,-16.6427
374,-7.719,136.998,37.666,252.505,0.635,7.237,4.026,32.7679,-25.817
375,-6.928,138.144,20.948,240.992,0.366,9.179,4.107,40.439,-27.0975
376,-7.153,139.348,51.596,237.339,0.499,0.712,2.414,33.9334,-14.1632
377,-4.81,140.608,36.439,271.189,0.529,8.935,3.53,32.7679,-25.817
378,-4.868,141.925,5.641,289.252,0.163,18.507,7.171,48.7507,-27.2158
379,-7.568,143.297,13.654,274.52,0.232,12.191,8.278,36.8149,-16.6427
380,-9.026,144.725,48.124,247.907,0.234,2.528,4.779,32.7679,-25.817
381,-9.681,146.207,67.06,216.908,0.436,0.113,1.588,48.7507,-27.2158
382,-11.037,147.744,54.166,227.665,0.389,0.455,1.497,36.8149,-16.6427
383,-10.115,149.335,70.089,223.982,0.443,0.608,3.536,32.7679,-25.817
384,-8.063,150.98,56.075,244.244,0.576,0.761,4.07,48.7507,-27.2158
385,-5.533,152.677,39.583,267.059,0.525,1.715,3.656,36.8149,-16.6427
386,-4.661,154.427,12.855,283.023,0.416,9.528,4.885,32.7679,-25.817
387,-7.05,156.229,66.913,245.452,0.606,3.188,4.575,48.7507,-27.2158
388,-11.288,158.082,66.212,224.102,0.271,0.536,3.291,36.8149,-16.6427
389,-11.957,159.985,77.706,205.182,0.393,1.0995,2.12,32.7679,-25.817
390,-9.426,161.938,67.653,226.255,0.503,1.663,1.374,45.7672,-28.5918
391,-10.715,163.939,66.175,228.079,0.312,2.374,1.733,31.2104,-18.5788
392,-10.554,165.989,53.76,229.814,0.255,3.205,3.152,26.1246,-16.8565
393,-10.4,168.087,81.07,221.142,0.486,0.337,3.691,8.78224,0.403564
394,-8.671,170.233,71.964,238.025,0.389,0.811,2.27,20.8805,-21.9497
395,-9.716,172.423,72.451,232.3,0.363,0.403,1.719,24.1676,-12.1947
396,-9.418,174.659,84.471,236.24,0.37,0.401,2.295,8.08822,-0.172209
397,-9.096,176.939,94.86,244.092,0.556,0.347,3.428,9.47655,-20.7089
398,-6.875,179.263,52.05,276.599,0.165,9.368,3.588,17.2541,-36.8259
399,-10.711,181.63,58.402,256.003,0.188,1.356,4.793,22.9386,-40.5514
400,-8.152,184.037,53.998,267.445,0.18,3.856,4.414,18.9796,-25.8869
401,-8.798,186.486,58.428,270.755,0.246,1.504,2.505,14.7233,-16.7928
402,-10.295,188.975,84.507,268.938,0.294,0.768,1.623,10.4036,2.34753
403,-9.375,191.502,48.418,275.234,0.172,2.497,2.856,10.4042,-12.8901
404,-9.971,194.067,51.515,246.865,0.187,2.114,2.581,5.04896,-17.1855
405,-9.471,196.668,72.574,254.287,0.176,0.686,2.795,18.375,-24.1354
406,-5.322,199.306,41.238,274.781,0.127,2.686,3.497,9.3468,-12.1391
407,-6.532,201.978,69.845,252.624,0.272,1.852,3.295,10.4079,-16.0807
408,-5.579,204.683,63.665,280.415,0.388,0.47,5.455,10.839,-5.52818
409,-2.104,207.422,106.768,249.293,1.525,1.9324999999999999,3.899,18.1686,10.915
410,-5.563,210.191,47.946,281.625,0.3,3.395,5.238,4.00803,-4.41283
411,-9.216,212.991,95.015,251.594,0.204,1.163,2.163,7.13608,-4.17368
412,-11.652,215.82,88.259,251.276,0.243,1.116,2.989,16.1221,-26.9159
413,-11.637,218.677,140.456,219.571,0.542,0.214,2.706,27.3379,-17.3654
414,-10.871,221.561,104.581,243.665,0.303,0.267,2.072,19.0659,-11.6019
415,-7.521,224.471,124.667,243.672,0.548,0.772,3.751,14.643,14.6509
416,-4.107,227.405,48.014,296.326,0.101,5.986,2.643,6.06774,-0.329476
417,-5.968,230.363,31.993,285.737,0.486,16.763,3.573,-3.08398,-9.79855
418,-10.905,233.344,43.65,247.614,0.187,30.036,7.029,3.04286,-19.776
419,-8.404,236.345,93.514,271.465,0.167,2.626,3.43,9.84205,-16.4352
420,-3.655,239.367,79.571,267.181,0.41,4.363,6.791,21.3326,-7.18302
421,-6.195,242.407,61.305,264.231,0.58,5.972,5.829,14.4218,-8.95492
422,-11.648,245.465,87.822,250.482,0.258,2.996,3.894,14.4573,-5.94969
423,-6.94,248.54,114.55,254.339,0.448,0.417,4.908,12.6391,9.93762
424,-5.255,251.63,53.312,283.215,0.209,5.728,7.583,10.7448,-8.60124
425,-11.802,254.735,79.991,248.376,0.271,6.845,6.421,7.86053,-6.27781
426,-11.913,257.851,131.822,242.988,0.283,1.924,5.387,15.361,-15.0459
427,-11.144,260.981,103.134,261.451,0.196,4.217,4.152,20.4971,-23.5633
428,-10.276,264.121,158.512,227.271,0.486,1.178,3.139,22.2649,1.94659
429,-8.819,267.272,118.679,250.527,0.265,1.344,2.722,16.5307,3.41315
430,-10.546,270.429,146.871,234.861,0.404,0.861,4.124,16.182,17.2578
431,-9.853,273.596,165.587,234.335,0.602,0.378,2.918,16.7635,25.8983
432,-8.834,276.768,130.166,262.227,0.272,2.707,3.804,9.22306,6.70294
433,-5.074,279.945,180.365,231.402,1.085,0.832,3.249,9.97781,21.5265
434,-0.288,283.126,106.114,273.399,1.099,3.3449999999999998,6.515,19.723,-4.29044
435,-1.95,286.311,56.793,292.013,0.748,5.858,10.25,16.9556,-5.43934
436,-5.806,289.497,106.571,257.549,1.062,1.756,10.478,2.80995,8.45828
437,-7.614,292.684,103.53,267.746,0.267,1.924,6.298,12.6394,2.33843
438,-6.929,295.872,125.937,272.695,0.182,2.08,2.432,4.84117,9.97713
439,-5.897,299.057,128.742,267.607,0.304,0.091,3.334,7.06867,0.815601
440,-2.947,302.242,122.943,268.344,1.184,3.567,4.84,17.8649,14.6623
441,1.786,305.422,25.336,307.15,1.819,7.043,7.952,31.0707,-47.7953
442,-7.783,308.598,112.434,259.703,0.604,1.381,8.56,13.2606,-6.19341
443,-7.988,311.769,104.895,256.68,0.408,1.459,4.802,12.0048,-6.73503
444,-5.282,314.934,184.4,216.318,1.117,1.1280000000000001,3.648,12.2659,35.16
445,-4.814,318.092,151.17,210.883,1.152,0.797,3.344,10.679,33.7537
446,-4.113,321.242,200.54,240.434,0.856,0.33,3.448,14.829,42.7421
447,-1.42,324.383,212.026,240.73,1.758,0.274,4.989,27.0526,40.9412
448,0.155,327.513,200.654,221.388,2.769,1.446,4.065,35.5631,15.3839
449,-0.314,330.633,159.626,264.137,1.421,2.618,2.67,25.6526,15.6331
450,-2.848,333.741,151.094,290.903,0.217,3.79,3.268,23.2856,21.0004
451,-3.164,336.837,246.093,221.677,1.452,1.897,5.8,24.852,58.0837
452,-2.526,339.918,216.168,215.377,1.873,0.382,2.453,22.4177,51.8989
453,0.209,342.987,164.46,264.742,2.679,1.4325,2.94,17.1859,29.2518
454,3.029,346.039,45.688,318.297,0.928,2.483,4.864,11.5892,-38.9073
455,-0.54,349.076,134.62,286.945,0.646,1.998,8.583,28.4609,6.60283
456,-5.498,352.095,172.645,256.441,0.504,3.808,5.164,9.47064,22.9698
457,-6.15,355.098,149.758,253.664,0.695,1.707,4.352,12.245,20.1077
458,-5.93,358.082,251.45,206.237,1.44,0.9215,3.871,21.9165,44.5269
459,-2.684,361.047,187.522,249.967,1.064,0.136,5.35,17.0372,41.8251
460,-0.553,363.992,200.028,252.032,2.246,0.799,6.014,21.1173,40.3407
461,2.263,366.916,148.978,289.765,1.191,0.795,5.177,13.9456,7.30899
462,1.287,369.82,200.82,255.111,1.879,0.698,4.698,32.2863,21.2777
463,-1.879,372.701,159.194,241.561,0.926,3.926,4.265,29.4844,17.6491
464,-1.331,375.559,66.562,273.393,0.639,2.326,6.178,14.0685,-2.39597
465,-1.618,378.394,154.203,250.733,1.208,3.369,2.661,18.5904,31.5927
466,1.197,381.206,263.925,223.117,3.986,3.053,3.287,20.5337,49.8942
467,1.972,383.991,185.959,256.45,2.987,2.737,2.599,20.3902,25.2142
468,3.289,386.752,265.644,224.863,4.812,1.8426666666666667,3.482,23.4476,33.1916
469,2.7,389.488,235.768,249.445,3.697,0.9483333333333333,5.89,27.5573,21.5184
470,-0.566,392.196,233.803,226.403,2.482,0.054,5.188,35.8027,47.5552
471,-1.983,394.877,60.028,296.164,0.588,9.889,3.581,14.3999,-7.09319
472,-2.429,397.53,178.769,274.481,0.494,3.299,2.031,21.2467,36.6474
473,1.439,400.155,187.485,293.301,1.405,1.203,6.775,20.8544,23.7295
474,8.406,402.751,190.441,301.775,3.749,0.665,3.473,6.27262,-3.12557
475,3.641,405.317,45.834,328.474,0.419,14.436,7.486,24.6485,-42.2779
476,-1.694,407.853,163.63,279.993,0.439,4.623,6.476,26.8324,4.16257
477,-1.877,410.357,234.595,250.793,1.225,0.085,2.677,26.8683,83.0963
478,-2.895,412.832,125.581,277.274,0.499,0.324,1.963,9.88133,27.8208
479,-3.019,415.274,197.047,273.871,0.373,3.245,3.851,7.37366,60.8668
480,-1.937,417.684,224.877,257.241,0.864,4.061,3.669,25.0804,62.6075
481,0.663,420.061,216.513,260.206,1.459,0.944,6.729,11.145,16.2774
482,3.544,422.404,188.468,278.807,3.155,0.5605,4.19,22.5426,15.4501
483,1.351,424.715,133.695,274.226,1.492,0.177,5.265,18.8199,-11.0354
484,6.424,426.99,300.952,247.184,6.196,4.545999999999999,4.235,23.604,23.9077
485,5.138,429.23,130.671,300.577,2.923,8.915,3.685,8.31226,5.32319
486,3.859,431.436,315.214,217.372,4.382,13.283999999999999,2.985,17.4377,60.8508
487,5.726,433.606,242.0,263.364,5.781,17.653,3.636,12.7814,22.5386
488,4.093,435.739,68.505,319.327,2.041,22.022,4.569,8.82749,-20.3265
489,4.091,437.836,100.793,328.71,0.171,18.749,5.984,16.5677,-17.415
490,4.021,439.896,234.906,277.733,1.591,9.642999999999999,3.14,6.65165,39.5641
491,7.477,441.918,302.533,257.819,4.22,0.537,4.042,7.48483,29.9293
492,3.692,443.902,160.908,305.648,1.382,5.306,5.948,14.5698,-0.9825
493,6.033,445.848,299.761,267.972,2.961,0.041,4.345,12.6097,42.5999
494,13.146,447.756,239.824,300.431,9.567,1.19,4.916,13.4881,-2.90229
495,14.513,449.624,270.573,314.998,6.717,2.339,3.666,8.88553,24.719
496,8.176,451.452,73.997,332.393,0.398,8.815,5.426,19.6827,-33.9507
497,9.242,453.24,327.136,246.352,6.846,6.644,8.565,35.4567,-23.2943
498,8.279,454.988,77.443,335.363,2.858,4.473,3.598,15.3275,-11.4198
499,10.982,456.695,323.085,282.054,5.756,0.924,4.303,41.4118,55.0318
500,13.391,458.361,281.451,290.595,7.874,1.2755,9.133,22.9712,-20.2286
501,10.686,459.986,90.388,337.623,4.072,1.627,2.211,21.4115,-6.25894
502,10.319,461.569,154.072,338.573,1.698,2.136,1.634,24.249,37.9057
503,7.575,463.11,26.884,345.8,0.154,4.498,6.012,23.6811,-12.4652
504,11.485,464.608,286.475,289.293,4.251,2.3525,4.472,54.2235,58.8234
505,16.575,466.064,250.914,328.274,8.432,0.207,2.901,57.1025,88.2923
506,8.446,467.475,66.399,325.18,2.179,11.397,2.893,53.5503,9.96873
507,5.338,468.844,175.484,327.211,0.863,6.568,3.112,29.2817,31.3082
508,10.129,470.169,255.393,302.206,3.735,0.078,2.605,8.85647,10.8908
509,10.638,471.45,191.184,308.71,3.124,2.193,2.674,1.20163,1.35259
510,7.908,472.686,228.636,297.743,1.604,0.118,4.862,-1.06937,-0.334282
511,10.84,473.878,264.195,308.755,2.967,2.77175,7.622,34.989,6.70987
512,16.636,475.025,310.806,306.089,7.945,5.4255,3.583,54.8164,91.7599
513,17.392,476.126,240.956,330.616,8.785,8.07925,5.053,18.2153,38.289
514,12.965,477.182,29.523,374.576,0.477,10.733,6.523,-0.576871,1.33782
515,11.994,478.193,262.577,326.588,5.469,0.022,5.545,-0.538958,2.35501
516,10.174,479.157,39.867,355.934,1.665,10.528,4.758,29.5134,-0.332645
517,9.844,480.076,252.379,312.033,3.188,0.447,6.54,94.5304,92.4485
518,10.448,480.948,311.189,281.334,3.637,0.866,4.074,79.3195,97.0467
519,12.231,481.773,348.598,267.032,6.391,0.9296666666666666,5.851,98.5002,121.038
520,16.034,482.552,290.436,304.635,10.888,0.9933333333333333,4.986,109.125,66.9311
521,11.836,483.283,129.664,311.11,4.567,1.057,4.686,74.0071,13.3839
522,15.008,483.969,325.041,285.086,9.177,1.0859999999999999,5.578,122.102,77.2144
523,12.563,484.606,212.646,322.071,6.245,1.115,5.414,91.1737,56.76
524,11.647,485.196,312.574,276.088,6.541,1.1440000000000001,2.26,99.1211,117.314
525,11.625,485.737,171.784,337.41,3.215,1.173,3.028,57.9841,41.8857
526,11.071,486.233,60.07,355.12,0.821,5.696,1.656,33.2005,9.50242
527,13.532,486.68,314.454,315.199,5.475,0.165,3.969,119.548,89.7442
528,11.727,487.078,76.111,340.296,2.806,0.756,3.611,49.8534,-16.8186
529,10.836,487.43,217.879,317.621,1.933,0.854,5.618,70.6391,65.1771
530,12.838,487.733,238.4,322.232,3.673,1.035,4.686,89.5821,77.3876
531,9.72,487.987,299.606,281.634,3.76,0.84,2.373,92.3999,109.725
532,11.952,488.194,349.441,268.65,6.31,0.645,2.782,130.2,107.014
533,14.435,488.353,285.522,295.958,10.96,0.44999999999999996,6.764,112.103,84.2448
534,16.705,488.463,225.685,341.366,11.788,0.255,6.143,105.015,51.8184
535,16.026,488.526,86.188,378.71,3.628,1.193,4.766,62.0126,16.736
536,18.351,488.539,195.701,374.11,3.55,0.051,4.519,98.9898,50.5146
537,17.721,488.505,145.483,384.729,2.384,2.618,2.25,69.4976,32.8425
538,14.779,488.423,65.097,383.526,0.462,18.378,4.341,54.9537,17.2503
539,12.563,488.293,99.458,369.69,0.272,1.385,8.36,0.774904,32.6772
540,14.041,488.115,79.09,375.773,0.34,0.996,3.653,59.2735,42.66
541,14.882,487.888,285.401,335.568,3.728,6.09,1.906,128.429,92.2488
542,17.191,487.613,253.461,346.466,3.687,11.184000000000001,1.667,112.188,74.2545
543,18.015,487.291,237.526,350.564,4.53,16.278,1.996,110.961,49.7377
544,17.789,486.922,276.436,350.181,3.327,21.372,3.418,98.6159,67.1619
545,16.171,486.506,191.045,376.61,2.707,26.466,4.396,93.317,46.1402
546,14.231,486.041,54.629,382.713,0.392,31.56,2.488,89.2407,5.17902
547,8.842,485.53,142.596,319.87,1.041,10.542,4.362,92.5527,25.3337
548,13.242,484.972,315.484,313.169,4.603,8.558,2.346,143.643,78.8956
549,14.963,484.366,208.237,352.801,4.631,6.574,1.616,83.1576,38.134
550,12.648,483.715,273.664,331.053,1.635,4.59,2.042,80.7521,101.09
551,11.753,483.016,189.306,354.715,1.252,2.606,1.818,89.7734,64.1568
552,14.03,482.272,76.296,385.437,0.321,10.723,1.93,41.9038,6.88552
553,15.138,481.481,157.896,381.698,0.674,2.735,3.363,42.0186,52.1457
554,17.051,480.646,181.07,371.527,2.24,1.7445,1.499,87.2844,52.364
555,15.483,479.763,115.819,382.906,1.409,0.754,2.127,89.513,16.9398
556,13.53,478.837,84.21,379.084,0.244,5.601,2.23,85.4605,10.9825
557,8.972,477.865,298.283,319.83,0.896,5.421142857142857,3.657,94.543,110.402
558,12.012,476.849,205.455,350.39,1.7,5.2412857142857145,1.4,63.7644,67.9573
559,14.25,475.789,183.034,354.17,1.87,5.061428571428571,1.583,88.8112,43.5915
560,16.052,474.684,328.336,330.943,3.71,4.881571428571428,3.746,126.565,76.2914
561,15.965,473.536,295.718,364.529,2.57,4.701714285714285,4.616,109.464,97.4805
562,17.759,472.343,211.003,380.566,1.953,4.521857142857143,5.536,86.88,61.9881
563,18.973,471.108,236.666,380.582,2.943,4.342,5.342,119.384,48.2322
564,16.914,469.832,205.408,363.521,2.166,8.84,2.306,102.49,57.3048
565,17.935,468.511,250.46,370.228,4.089,0.207,2.162,121.635,48.9968
566,18.278,467.15,103.925,398.197,0.991,0.418,3.67,32.9601,6.77906
567,13.533,465.745,151.088,374.586,0.374,5.149,3.148,61.4307,58.5216
568,14.27,464.3,286.825,313.024,3.332,0.072,3.216,105.639,66.1622
569,19.652,462.814,218.248,356.923,4.909,2.0643333333333334,5.538,107.06,19.1838
570,22.497,461.288,237.788,378.795,6.554,4.056666666666667,6.104,128.913,35.5222
571,19.627,459.721,86.393,397.111,0.849,6.049,4.136,40.2832,18.0354
572,20.552,458.114,111.024,394.442,1.434,2.605,2.533,38.6008,14.8442
573,17.375,456.468,229.789,358.301,2.945,0.201,6.196,91.4448,61.9409
574,18.671,454.784,45.959,404.182,0.906,20.408,4.951,50.1915,4.76159
575,21.22,453.06,251.769,375.825,2.806,0.299,5.035,138.156,116.0
576,22.532,451.298,271.744,382.356,4.009,0.237,4.176,118.845,48.7966
577,22.823,449.498,245.644,392.524,3.533,0.175,4.178,84.423,60.1059
578,21.932,447.661,171.069,404.216,2.335,0.114,3.518,52.9867,45.7814
579,20.637,445.787,108.79,397.153,1.449,1.249,1.96,36.8337,22.3882
580,20.509,443.877,114.332,404.698,1.978,2.384,3.202,38.7604,21.8295
581,20.258,441.931,134.139,396.447,2.819,0.847,6.998,36.1269,23.606
582,20.68,439.949,150.435,397.155,2.204,1.053,5.573,10.8882,35.5901
583,21.673,437.932,248.438,377.625,4.154,0.09,3.642,5.6836,48.889
584,20.067,435.88,149.035,398.071,1.813,0.8660000000000001,4.755,9.93359,35.8127
585,22.004,433.794,233.6,389.62,3.356,1.6420000000000003,4.774,106.644,38.8438
586,20.416,431.674,231.298,364.69,4.398,2.418,6.186,132.012,47.3569
587,16.899,429.52,208.514,364.896,2.87,1.739,3.492,154.106,31.4656
588,15.811,427.335,152.477,364.933,2.427,0.413,2.478,103.442,25.0339
589,16.835,425.117,140.807,366.804,2.025,1.514,4.007,57.4337,10.4205
590,13.852,422.866,115.756,359.407,1.732,0.8225,2.017,56.3103,22.7341
591,14.963,420.584,253.273,331.404,3.678,0.131,2.731,147.055,45.9722
592,14.041,418.272,144.73,346.798,1.856,1.498,2.297,75.6888,23.7455
593,12.584,415.929,121.799,353.411,0.664,5.603,2.745,64.0465,22.3788
594,13.516,413.555,116.394,349.21,0.768,2.8649999999999998,3.92,31.318,-1.08811
595,16.053,411.153,275.767,332.575,2.878,0.127,4.783,130.329,63.5321
596,16.404,408.721,172.817,358.184,3.613,1.436,1.935,106.03,11.8354
597,11.947,406.262,39.452,346.559,1.046,11.004,2.895,45.3994,1.37307
598,11.239,403.774,58.817,333.863,0.706,11.473,2.825,9.28423,-2.7504
599,13.894,401.259,232.748,320.289,2.693,0.803,2.256,128.844,57.3401
600,15.905,398.717,267.455,314.376,4.088,0.823,3.437,120.969,29.1392
601,16.366,396.148,252.06,323.902,3.997,0.843,3.753,122.34,32.9623
602,12.49,393.555,196.531,307.504,3.026,0.343,2.959,133.716,27.7047
603,13.153,390.935,201.442,301.542,2.651,0.20800000000000002,3.504,95.1836,29.0383
604,11.843,388.292,252.994,307.084,2.823,0.073,2.18,109.243,87.748
605,13.169,385.624,240.366,304.373,3.115,3.464,1.6,96.8408,71.6296
606,14.259,382.932,194.0,323.624,2.977,6.855,2.606,73.4717,35.2139
607,14.038,380.218,45.887,371.556,1.582,10.246,3.072,39.5004,-23.5287
608,17.006,377.481,56.348,392.694,1.246,19.108,4.738,78.539,-26.1406
609,15.995,374.723,67.378,359.262,2.196,0.222,8.865,105.254,-23.9912
610,16.369,371.943,211.238,333.667,4.201,0.367,5.495,127.388,9.77001
611,13.837,369.143,115.603,361.039,1.173,5.536,5.257,70.6731,-12.2455
612,14.305,366.323,194.911,331.043,3.027,0.294,3.067,100.395,31.3165
613,16.343,363.484,243.934,297.976,4.762,0.4983333333333333,2.689,101.984,54.0313
614,15.241,360.626,141.556,327.927,2.176,0.7026666666666667,3.261,46.8974,17.3766
615,15.998,357.75,139.093,364.875,2.472,0.907,2.325,56.6804,16.8947
616,15.506,354.856,92.709,372.465,2.517,11.683,9.791,74.7267,14.6007
617,13.804,351.946,226.01,311.147,4.611,0.846,5.993,119.313,59.2442
618,11.802,349.02,75.464,308.598,1.706,7.402,4.921,66.7086,-32.75
619,13.289,346.079,199.556,295.11,3.989,13.083333333333334,4.711,88.4241,24.125
620,15.676,343.122,225.331,309.113,6.351,18.764666666666667,3.668,87.4592,48.8812
621,12.054,340.152,29.347,353.724,2.215,24.446,2.762,54.49,-13.5705
622,10.162,337.169,57.169,354.517,0.286,24.562,4.015,77.3183,-1.47187
623,12.004,334.174,229.292,266.599,6.639,16.483333333333334,2.589,76.6973,70.0592
624,14.41,331.166,220.123,289.99,6.192,8.404666666666667,3.547,93.8863,54.8482
625,15.181,328.148,123.875,319.826,5.042,0.326,2.675,61.5649,10.3511
626,16.05,325.118,132.355,345.13,3.201,4.717499999999999,3.636,44.9711,21.7573
627,14.428,322.081,61.218,345.274,1.412,9.109,6.049,97.0439,-41.8949
628,12.487,319.034,96.714,314.571,2.142,9.770666666666667,5.805,41.8121,-28.0791
629,12.218,315.98,75.8,314.356,2.878,10.432333333333332,3.131,33.4105,0.210354
630,10.979,312.917,32.755,344.121,1.472,11.094,2.544,20.5534,-16.393
631,13.655,309.85,181.991,314.012,3.671,1.432,3.691,80.0495,54.3453
632,12.4,306.776,87.976,335.611,1.94,5.16,1.701,25.2345,19.5853
633,11.452,303.699,135.819,334.342,1.654,9.552,2.712,62.4644,32.4181
634,12.957,300.617,193.795,279.378,3.704,8.0174,1.527,49.2767,79.6833
635,12.814,297.532,155.488,313.249,1.984,6.482799999999999,2.179,38.9091,52.0203
636,11.73,294.446,136.427,309.79,1.987,4.9482,3.319,30.6589,30.1621
637,13.525,291.359,141.794,332.887,2.363,3.4135999999999997,2.979,41.0234,38.8875
638,11.827,288.271,79.318,317.212,2.279,1.879,2.779,22.6213,0.465354
639,10.648,285.184,135.513,314.424,2.556,0.106,4.132,36.7728,18.1301
640,6.99,282.099,75.86,297.203,1.571,4.613,5.75,55.9366,-16.7167
641,6.546,279.017,120.546,276.098,2.596,3.7478000000000002,2.578,37.7437,31.5731
642,8.61,275.938,195.821,253.53,3.732,2.8826,2.253,38.2359,87.1673
643,10.237,272.864,144.85,280.749,3.306,2.0174000000000003,2.825,36.5969,45.2406
644,11.405,269.795,117.449,290.956,3.838,1.1522000000000001,2.948,53.523,28.484
645,12.63,266.733,100.66,308.956,2.132,0.287,7.519,18.3563,-8.30091
646,13.433,263.679,127.194,295.942,2.34,0.237,5.648,29.269,11.3327
647,10.812,260.632,121.86,285.767,1.695,0.336,2.523,28.6691,22.3354
648,9.314,257.596,70.136,297.288,2.568,2.153,2.181,32.8389,-4.22846
649,10.49,254.57,36.489,356.276,1.151,3.97,2.089,19.1265,-7.91291
650,12.068,251.556,51.441,341.142,0.822,0.905,5.612,7.53057,-19.3184
651,8.959,248.553,67.394,290.115,1.892,1.218,5.345,44.9573,-22.633
652,5.929,245.566,92.795,265.32,2.142,0.736,4.158,16.3936,5.33292
653,7.59,242.592,125.404,294.835,2.252,0.21,7.827,24.5086,-5.6829
654,4.762,239.635,96.259,272.263,2.544,0.311,5.042,61.0783,5.71798
655,3.925,236.694,94.499,246.41,3.174,0.553,4.475,34.6717,6.39306
656,8.107,233.772,143.72,251.118,3.244,1.5190000000000001,4.826,21.8688,27.06
657,10.122,230.867,144.581,264.219,3.906,2.4850000000000003,4.667,22.4823,21.8242
658,10.32,227.984,59.378,312.109,1.325,3.451,4.201,8.69841,-3.72935
659,4.632,225.12,15.487,315.861,0.685,0.893,3.747,8.17827,-3.55263
660,5.39,222.28,87.704,313.844,1.058,6.34,3.43,27.7496,24.9024
661,0.596,219.463,42.312,296.091,0.751,6.875,9.15,18.5793,-59.1091
662,2.1,216.67,64.238,288.333,0.873,2.087,3.283,8.42713,-0.245948
663,1.899,213.902,36.388,265.109,1.603,5.232,6.692,34.1226,-36.1105
664,-2.382,211.16,75.451,265.268,0.988,3.295,4.863,11.4385,24.5611
665,-4.089,208.447,57.459,274.704,0.149,3.207,2.541,-13.4493,14.6554
666,-0.764,205.761,39.249,272.105,0.301,0.333,4.253,-8.15204,-26.9024
667,4.994,203.105,42.192,296.451,0.679,0.24233333333333335,4.795,8.75305,-38.9253
668,8.036,200.48,98.612,265.19,2.126,0.15166666666666667,3.969,13.1834,-6.72456
669,9.305,197.886,64.776,304.795,1.34,0.061,3.025,0.0023125,-11.9063
670,6.832,195.325,38.983,326.507,0.647,2.353,4.227,5.35907,6.55622
671,0.93,192.797,36.121,310.747,0.353,1.726,3.951,11.6137,-1.03592
672,3.021,190.305,48.247,317.658,0.361,1.013,2.964,-1.22753,-0.702792
673,3.898,187.848,24.567,323.871,0.297,3.432,2.441,32.0438,-3.38604
674,3.55,185.427,60.343,316.719,0.287,0.607,1.813,19.7477,20.9241
675,6.418,183.044,70.705,307.11,0.768,1.914,4.667,12.5971,-10.7597
676,1.837,180.699,39.207,280.259,1.561,0.035,6.433,15.1145,-25.7378
677,3.741,178.394,79.869,254.629,1.882,0.383,5.172,7.30337,-6.64735
678,5.296,176.13,89.244,265.09,1.543,2.522,3.321,17.2383,25.8654
679,5.602,173.906,111.1,233.245,1.468,9.571,4.495,10.5326,13.1997
680,10.397,171.724,35.674,323.736,2.142,16.62,6.514,-0.32386,-41.0525
681,3.112,169.585,17.501,327.724,0.134,15.158,3.408,19.6117,-2.34353
682,-1.639,167.491,82.634,267.106,0.564,4.663,5.155,59.058,-12.7965
683,0.096,165.44,51.515,277.654,0.63,0.528,4.251,6.95771,-16.5808
684,1.511,163.435,41.506,308.805,0.443,8.551,6.169,25.2248,-8.72596
685,-5.149,161.476,22.314,272.937,0.383,5.056,8.631,28.1443,12.7832
686,-1.207,159.564,44.03,262.005,1.129,3.38,6.231,28.819,-38.0078
687,0.628,157.7,71.736,250.342,1.191,1.9335,4.465,5.62019,-14.3228
688,3.141,155.884,34.597,273.404,1.161,0.487,5.666,-3.56085,-36.8281
689,2.065,154.117,50.53,253.949,1.443,1.072,4.06,11.1802,-15.6213
690,1.936,152.399,96.013,226.677,2.454,0.107,4.183,15.1936,10.0734
691,3.199,150.732,46.471,291.98,1.203,0.5796666666666667,4.322,0.728187,-11.1373
692,5.199,149.116,51.473,287.864,1.621,1.0523333333333333,7.007,3.19288,-30.1771
693,2.694,147.551,49.197,285.861,1.752,1.525,7.677,22.9515,-17.4154
694,-3.451,146.039,26.533,283.325,0.539,2.916,6.336,16.6903,2.03162
695,0.541,144.578,15.731,298.195,0.713,5.896,5.92,6.41197,-31.8233
696,-2.976,143.171,9.537,283.622,0.521,8.497,9.121,19.6481,2.31688
697,-8.524,141.818,53.232,257.311,0.422,6.258,6.62,4.09911,42.2009
698,-10.158,140.519,54.643,221.031,0.319,2.041,4.492,14.5308,14.461
699,-7.364,139.275,41.753,244.928,0.239,0.318,3.2,8.68346,10.2017
700,-3.817,138.085,48.639,263.917,0.769,1.513,5.338,11.6766,-0.443281
701,-5.331,136.95,55.612,247.624,0.59,1.414,5.065,-0.800597,-47.4897
702,0.133,135.872,41.917,295.66,0.519,2.478,7.643,-3.54617,-54.3076
703,-2.948,134.85,21.609,291.376,0.138,7.927,3.781,2.5399,-3.18796
704,-5.238,133.883,5.888,275.703,0.298,25.345,8.657,2.67228,0.701742
705,-6.063,132.974,55.048,244.886,0.504,1.784,3.496,-1.7888,-13.2927
706,-2.463,132.122,17.572,290.564,0.133,4.477,5.096,2.09621,-8.26414
707,-7.613,131.328,30.019,258.106,0.247,3.248,6.771,26.6095,25.8164
708,-5.301,130.591,50.744,267.289,0.177,1.111,6.133,2.83434,10.3728
709,-0.507,129.912,30.402,276.079,0.103,3.614,6.529,11.8793,-39.62
710,-7.997,129.291,25.428,266.67,0.291,2.981,9.32,7.94561,75.2113
711,-6.702,128.728,41.318,254.0,0.206,1.242,4.479,10.4438,11.9743
712,-6.335,128.224,35.058,262.17,0.205,9.038,4.094,7.3909,16.6094
713,-8.207,127.779,50.658,230.804,0.441,0.865,4.078,8.51288,16.3885
714,-8.264,127.392,30.043,250.434,0.473,0.852,1.869,2.93584,16.3499
715,-5.228,127.065,5.494,278.975,0.24,15.609,4.411,0.909758,13.7858
716,-6.168,126.796,49.315,264.291,0.242,4.768,3.836,6.10877,19.2038
717,-7.209,126.587,43.269,239.314,0.37,1.878,1.225,-2.46103,12.7455
718,-9.869,126.437,44.098,222.532,0.305,2.186,2.045,1.22125,9.17014
719,-6.174,126.347,26.395,263.398,0.373,4.765,6.194,3.89554,8.46775
720,-7.408,126.316,40.247,269.671,0.189,3.277,7.271,11.095,21.8036
721,-11.487,126.345,59.328,243.782,0.229,2.844,7.734,31.0433,65.6692
722,-7.035,126.433,83.195,227.614,0.431,6.356,4.724,9.98668,10.0157
723,-7.321,126.581,72.395,233.117,0.324,1.363,3.922,-0.837637,16.2617
724,-7.064,126.788,33.272,251.307,0.185,1.271,3.257,-7.39473,-3.21867
725,-7.636,127.055,46.032,252.436,0.187,2.256,3.652,-1.91528,9.80994
726,-10.175,127.381,44.589,253.183,0.21,4.94,3.175,14.7719,11.3799
727,-10.879,127.768,48.768,231.486,0.214,5.222,4.774,16.9593,10.8347
728,-10.779,128.213,48.015,220.112,0.263,2.3,3.331,12.2466,16.9646
729,-9.265,128.717,38.674,235.664,0.269,3.638,3.653,15.5498,17.9375
730,-10.281,129.281,48.321,241.833,0.205,2.595,4.142,14.3109,16.9798
731,-12.059,129.281,51.885,208.898,0.29,1.276,2.485,11.5808,13.3608
732,-8.014,129.904,48.931,245.612,0.393,1.277,5.7,20.2392,14.9967
733,-2.824,130.587,17.939,293.365,0.11,7.446,5.721,4.53642,-0.784018
734,-5.48,131.327,20.57,269.584,0.246,7.3,3.377,3.8761,-3.36281
735,-11.902,132.127,54.585,213.219,0.335,1.155,3.651,15.7513,10.424
736,-5.317,132.985,58.126,260.323,0.3,2.011,4.785,8.0414,5.25008
737,-7.476,133.901,14.658,260.773,0.176,6.523,3.449,6.2252,2.18713
738,-11.781,134.875,56.855,209.707,0.307,1.408,4.322,9.65788,1.89876
739,-12.15,135.908,47.95,210.51,0.292,2.568,2.902,4.84428,1.77942
740,-12.481,136.998,46.681,216.041,0.291,2.787,4.936,2.65481,-2.24303
741,-12.853,138.144,61.734,202.353,0.38,0.921,2.541,4.63439,2.71839
742,-11.383,139.348,64.396,211.673,0.456,2.276,3.629,4.26002,2.71839
743,-6.144,140.608,37.019,248.272,0.251,4.198,4.379,2.38059,5.28878
744,-7.008,141.925,71.453,227.959,0.206,1.168,2.215,1.95066,2.05737
745,-7.732,143.297,96.594,168.427,0.54,1.359,1.442,2.62902,6.61027
746,-8.368,144.725,76.187,208.56,0.457,1.55,3.318,2.97491,-9.21635
747,-7.07,146.207,32.134,269.317,0.183,1.741,3.549,14.5925,21.0242
748,-7.463,147.744,65.25,252.639,0.189,1.483,1.684,-3.02956,14.0851
749,-8.163,149.335,64.717,233.107,0.313,0.487,1.027,0.361485,-5.87865
750,-7.233,150.98,41.787,253.672,0.201,2.872,2.556,-9.3018,-3.73365
751,-9.211,152.677,72.228,219.427,0.226,2.184,3.094,3.76823,4.81984
752,-12.991,154.427,105.291,174.781,0.381,0.994,3.342,6.14983,-1.05719
753,-12.867,156.229,98.809,192.895,0.346,0.275,2.045,-2.2157,16.5187
754,-8.606,158.082,65.364,247.949,0.3,5.082,4.157,-7.95261,0.868666
755,-13.63,159.985,93.277,173.935,0.232,1.063,3.155,4.37541,2.57964
756,-13.709,161.938,105.745,189.992,0.329,0.72,2.817,3.13151,21.5155
757,-11.666,163.939,63.241,242.144,0.283,3.147,4.173,11.0014,18.6995
758,-11.361,165.989,64.407,246.613,0.276,3.581,5.311,2.91489,36.8097
759,-7.878,168.087,40.233,274.883,0.197,9.06,2.531,-2.81999,-0.638187
760,-8.377,170.233,70.444,253.412,0.198,3.951,4.145,5.15269,19.6969
761,-11.769,172.423,55.303,243.812,0.214,2.266,6.447,23.6999,51.3812
762,-11.313,174.659,120.955,174.683,0.588,0.312,3.354,3.0459,2.35042
763,-9.92,176.939,122.148,177.009,0.657,0.246,2.743,5.04358,11.9509
764,-9.246,179.263,99.803,224.974,0.36,2.56,4.108,6.33382,24.7629
765,-8.28,181.63,58.813,260.839,0.259,3.773,5.077,2.21587,24.786
766,-6.994,184.037,73.577,265.208,0.231,3.526,4.259,3.46676,18.3665
767,-5.352,186.486,72.378,278.884,0.183,3.203,2.361,-4.76044,16.36
768,-6.404,188.975,90.202,249.869,0.471,0.75,1.235,7.76069,24.5862
769,-5.717,191.502,75.68,262.974,0.427,0.904,4.276,10.4639,16.46
770,-8.488,194.067,65.131,240.271,0.232,1.371,3.9,-0.374708,2.56361
771,-12.56,196.668,83.768,229.385,0.318,2.657,2.143,-3.89787,7.34791
772,-13.549,199.306,96.774,218.508,0.294,1.272,2.126,6.59497,15.7706
773,-12.85,201.978,103.412,237.151,0.294,2.732,3.262,0.582092,18.8912
774,-11.655,204.683,68.549,250.762,0.223,3.432,2.516,0.217524,9.0055
775,-13.111,207.422,91.073,237.053,0.238,3.819,2.857,7.27908,19.0966
776,-11.611,210.191,94.807,221.171,0.447,1.789,2.32,17.9755,30.4263
777,-10.846,212.991,94.779,223.436,0.576,1.206,1.403,18.2396,31.0603
778,-11.326,215.82,107.827,211.087,0.486,0.623,2.443,1.49207,16.1668
779,-13.494,218.677,130.341,179.583,0.484,0.441,2.443,-4.60301,23.2758
780,-12.05,221.561,145.934,199.61,0.528,1.121,2.169,3.6416,6.02205
781,-7.198,224.471,47.295,269.204,0.192,11.027,5.457,-1.55764,8.04931
782,-11.285,227.405,55.779,256.089,0.218,2.393,7.171,41.8792,55.8873
783,-11.381,230.363,110.447,242.923,0.223,2.949,7.429,40.8353,72.1638
784,-10.411,233.344,43.145,249.911,0.215,5.84,3.765,8.93217,10.6378
785,-10.459,236.345,152.582,217.792,0.362,1.47,4.481,13.8508,41.8506
786,-10.036,239.367,111.856,243.993,0.246,0.502,1.461,10.7137,18.1622
787,-11.513,242.407,112.205,235.641,0.275,0.765,2.101,5.97695,14.3363
788,-10.854,245.465,167.235,191.22,0.881,1.551,3.236,2.14828,35.2672
789,-11.635,248.54,111.888,234.724,0.324,2.383,3.151,-4.44991,18.5192
790,-11.602,251.63,162.586,185.697,0.356,0.816,2.117,7.40992,41.364
791,-11.103,254.735,166.442,190.017,0.378,1.001,2.819,4.28948,39.0185
792,-10.352,257.851,129.316,211.356,0.219,1.535,3.919,-3.66635,18.9596
793,-9.729,260.981,101.186,225.683,0.218,0.913,2.763,2.08329,19.0201
794,-9.552,264.121,157.435,231.742,0.271,0.754,4.518,4.04373,40.2224
795,-5.584,267.272,119.126,265.531,0.441,0.632,6.204,-4.27696,24.6833
796,-1.463,270.429,147.074,265.763,1.24,0.51,6.554,3.81111,25.7473
797,-7.102,273.596,89.656,271.28,0.275,7.274,6.687,14.8039,40.3714
798,-11.296,276.768,89.738,252.834,0.221,2.966,7.005,8.96547,77.0189
799,-9.224,279.945,117.768,246.936,0.391,0.791,2.996,10.9333,20.8328
800,-8.753,283.126,113.21,264.103,0.206,2.182,2.612,10.9539,16.3341
801,-10.702,286.311,90.025,253.729,0.218,8.747,4.009,31.2549,28.1343
802,-10.583,289.497,124.871,238.103,0.218,2.437,2.747,5.87611,28.4822
803,-8.229,292.684,151.98,255.715,0.214,0.955,4.297,13.9202,30.1862
804,-2.305,295.872,197.205,234.727,1.332,0.053,7.221,14.7405,12.7655
805,-0.761,299.057,107.878,250.771,1.162,0.125,4.701,11.3349,2.69617
806,-0.272,302.242,126.337,267.32,1.027,2.296,3.744,5.96705,8.3178
807,-3.84,305.422,88.144,275.259,0.173,7.085,4.516,14.1336,15.6997
808,-6.81,308.598,165.09,215.26,0.952,0.628,5.234,14.4596,22.5674
809,-2.039,311.769,115.701,272.998,1.212,0.695,7.125,10.4156,8.899
810,-2.621,314.934,210.027,221.959,1.467,0.314,5.211,33.8924,31.8062
811,0.458,318.092,150.448,278.292,1.678,0.483,6.019,16.2641,18.8297
812,-1.899,321.242,98.737,277.402,0.471,0.466,4.179,19.6676,23.0875
813,-4.532,324.383,178.945,231.697,0.974,0.239,4.099,19.3956,43.6087
814,-7.249,327.513,86.996,264.533,0.298,3.535,3.706,6.27608,20.9985
815,-7.025,330.633,156.742,234.661,0.432,0.642,5.547,18.7744,30.7086
816,-5.224,333.741,147.805,237.975,0.593,1.123,5.047,2.27278,18.2321
817,-2.226,336.837,237.298,203.599,2.14,4.052,3.093,11.6155,41.5921
818,-1.245,339.918,115.342,277.277,1.228,6.981,3.274,3.32555,12.2294
819,-4.659,342.987,134.717,278.908,0.246,4.8,5.363,12.9681,41.3045
820,-5.982,346.039,184.717,253.229,0.428,2.409,4.018,9.28032,46.6516
821,-4.993,349.076,205.723,219.935,0.766,1.677,3.387,8.16072,39.7344
822,-1.807,352.095,183.113,231.676,1.672,0.41,4.746,6.03927,11.3154
823,-2.217,355.098,110.629,286.05,0.61,3.038,3.769,12.2577,22.7412
824,-2.404,358.082,235.412,228.088,1.398,0.331,3.23,18.1198,54.4401
825,-1.142,361.047,130.809,265.86,0.807,0.17,5.353,4.94018,7.20908
826,3.176,363.992,127.072,281.686,1.263,2.945,4.096,4.00935,-0.204268
827,2.657,366.916,52.108,310.819,0.193,5.72,5.363,20.8417,-28.6091
828,-1.977,369.82,119.5,276.232,0.325,3.932,6.444,19.2355,31.7135
829,-2.83,372.701,145.373,272.687,0.562,1.727,4.418,14.8514,39.1189
830,-3.188,375.559,66.13,278.98,0.374,10.733,3.013,15.7408,0.316224
831,-1.045,378.394,121.804,273.342,0.568,0.974,4.504,17.0626,5.8467
832,1.831,381.206,235.842,247.58,2.575,0.867,2.233,10.3037,53.8213
833,0.293,383.991,89.528,292.285,1.583,0.76,1.929,9.31859,20.315
834,1.343,386.752,171.587,274.462,1.495,0.199,2.171,18.8168,47.9107
835,1.456,389.488,119.821,257.362,1.765,1.474,4.578,19.589,3.54904
836,2.31,392.196,251.16,242.526,3.757,0.337,5.428,26.8235,16.0804
837,-1.67,394.877,83.062,291.208,0.725,5.713,7.427,15.6592,7.33177
838,-2.505,397.53,188.87,234.946,1.087,0.55,3.729,15.5992,44.8348
839,0.327,400.155,294.257,205.631,2.718,0.7325,3.47,19.2008,56.9526
840,3.547,402.751,203.55,262.141,4.359,0.915,3.385,19.1619,14.0402
841,-0.917,405.317,50.987,308.493,0.431,13.47,2.753,25.2302,3.81419
842,-4.185,407.853,139.876,287.587,0.16,6.366,4.972,23.0146,21.5869
843,-3.373,410.357,224.525,269.773,0.281,5.043,4.949,17.6286,40.9589
844,0.296,412.832,295.699,236.448,1.334,2.6625,4.167,13.2643,52.7558
845,4.158,415.274,227.691,262.17,2.574,0.282,5.745,4.5011,9.90427
846,4.111,417.684,232.439,271.125,1.306,0.412,6.668,-1.57267,0.791323
847,5.369,420.061,238.774,281.832,2.57,0.939,6.626,1.00811,-11.8639
848,7.854,422.404,160.485,316.012,2.276,1.712,5.016,8.80121,-14.5657
849,2.981,424.715,51.422,319.528,0.444,2.03,7.829,-10.1798,-43.6884
850,-0.747,426.99,148.845,298.553,0.433,1.064,3.106,19.709,34.8092
851,1.128,429.23,124.939,310.745,0.897,4.25,3.052,11.7779,-0.233479
852,3.508,431.436,202.092,274.659,1.611,4.591,7.279,10.69,-9.67583
853,5.143,433.606,241.158,268.86,3.775,5.7620000000000005,6.133,11.5553,1.68996
854,3.235,435.739,109.16,285.236,1.784,6.933,4.515,7.17215,-5.20388
855,0.116,437.836,183.569,306.456,0.355,2.217,3.989,15.9013,44.6035
856,-1.446,439.896,262.059,265.255,0.534,0.519,3.428,20.6652,50.632
857,-1.257,441.918,64.988,296.998,0.163,18.698,2.986,12.7071,6.88759
858,0.852,443.902,261.575,292.001,0.516,0.747,2.395,17.4357,47.558
859,-0.459,445.848,103.577,309.296,0.122,1.928,2.03,14.8315,40.0878
860,-1.864,447.756,171.723,299.699,0.154,7.333,3.482,14.1529,57.8601
861,0.248,449.624,243.502,254.703,1.354,0.218,3.706,19.8247,55.2644
862,2.924,451.452,335.852,211.118,3.644,1.0265,2.117,18.5885,61.5314
863,4.288,453.24,319.243,233.065,3.692,1.835,2.197,16.128,65.7458
864,4.795,454.988,324.932,251.63,3.099,2.6435,2.485,8.93002,49.9314
865,1.129,456.695,99.672,303.085,0.269,3.452,3.266,33.1792,-3.51204
866,5.451,458.361,313.698,248.243,2.51,0.005,3.118,-2.1911,49.3805
867,4.844,459.986,159.969,304.876,1.267,2.358,5.416,0.733233,-1.09056
868,6.84,461.569,79.13,342.889,0.477,7.922,3.511,7.72671,-20.2659
869,4.624,463.11,51.801,332.366,0.181,13.271,6.642,-12.3399,-17.6774
870,7.419,464.608,321.973,269.168,3.927,0.344,6.853,25.5188,27.9964
871,9.165,466.064,277.146,302.232,3.333,1.825,6.656,-3.06747,-8.65117
872,8.621,467.475,320.193,278.194,4.511,1.035,4.227,7.76638,36.3368
873,5.181,468.844,167.385,312.544,2.589,0.245,3.477,7.61099,14.9579
874,2.93,470.169,109.663,318.391,0.313,1.275,1.811,1.30312,18.5461
875,5.48,471.45,268.521,271.281,2.631,0.195,3.529,17.8074,64.9244
876,7.46,472.686,238.821,266.306,3.348,0.297,3.919,4.86129,30.5607
877,9.756,473.878,113.039,294.289,3.883,0.399,2.494,8.15492,3.36662
878,12.48,475.025,204.308,314.863,4.306,0.501,1.954,7.43543,36.7423
879,13.488,476.126,264.629,293.091,4.813,0.846,2.929,11.0481,47.6003
880,14.06,477.182,342.744,275.09,5.972,0.7607999999999999,5.206,28.4341,55.8155
881,14.424,478.193,286.474,291.923,6.011,0.6756,3.394,29.5606,57.1388
882,10.683,479.157,313.864,303.212,1.675,0.5904,3.432,38.9721,141.791
883,14.759,480.076,287.681,333.62,5.098,0.5052,2.526,54.2645,111.703
884,13.168,480.948,126.313,339.341,4.327,0.42,2.148,38.7149,28.0844
885,10.618,481.773,87.693,354.653,1.167,1.159,1.702,28.446,28.5485
886,8.277,482.552,111.28,331.491,0.538,1.633,2.706,45.8395,30.1284
887,7.891,483.283,272.752,287.831,2.33,0.133,2.15,67.4294,127.157
888,12.156,483.969,304.21,295.689,4.21,0.22699999999999998,3.485,62.1197,136.434
889,16.466,484.606,330.536,298.925,7.698,0.32099999999999995,2.413,89.3109,135.205
890,15.926,485.196,248.936,325.934,4.834,0.415,5.086,57.1775,64.5739
891,16.595,485.737,231.806,346.929,4.297,0.797,4.228,51.9386,61.2489
892,15.899,486.233,192.653,359.886,3.0,1.192,2.338,76.3133,86.663
893,9.56,486.68,45.276,360.146,0.264,20.572,2.345,65.037,-10.5543
894,12.642,487.078,179.82,357.2,1.067,1.253,2.26,69.7341,52.2012
895,14.985,487.43,214.142,351.143,3.137,0.07,2.042,103.189,64.4951
896,17.738,487.733,255.876,331.195,5.496,0.07033333333333333,1.861,109.791,111.878
897,17.751,487.987,302.764,319.085,6.196,0.07066666666666667,2.059,97.8412,99.3883
898,16.063,488.194,320.985,308.434,7.742,0.07100000000000001,3.696,112.439,76.0614
899,14.915,488.353,327.192,307.336,5.799,0.07133333333333333,3.383,95.5294,102.763
900,14.922,488.463,201.554,361.191,2.466,0.07166666666666666,2.51,70.0639,64.3674
901,16.446,488.525,191.71,353.154,4.153,0.072,1.954,77.6349,53.9521
902,18.01,488.539,274.067,347.076,4.817,0.124,3.631,94.8511,70.8128
903,20.262,488.505,287.024,336.674,7.393,0.176,3.853,101.543,33.8071
904,18.887,488.423,294.688,336.509,4.86,0.11549999999999999,8.651,79.7622,48.2125
905,16.082,488.293,283.501,331.935,4.754,0.055,5.311,87.1486,101.865
906,17.382,488.115,259.736,338.582,7.936,0.149,2.103,111.697,68.8529
907,18.077,487.888,308.188,331.204,6.867,2.1685,2.706,113.124,89.4892
908,15.27,487.613,42.585,381.813,0.513,4.188,3.826,17.1943,0.739229
909,16.334,487.291,293.537,309.962,4.922,0.193,2.569,131.69,82.0296
910,12.975,486.922,301.434,310.583,3.83,0.155,3.177,103.13,113.667
911,10.351,486.506,283.515,309.034,2.07,0.117,2.091,74.8365,142.284
912,15.091,486.041,285.456,316.21,4.705,0.13433333333333333,2.472,78.4398,91.9
913,16.853,485.53,244.277,338.665,5.584,0.15166666666666667,1.767,89.1268,91.9104
914,17.076,484.972,213.706,330.892,5.004,0.169,1.867,70.3817,70.9826
915,17.077,484.366,263.336,352.025,4.211,0.18633333333333335,2.366,81.298,112.113
916,13.738,483.715,210.945,333.408,3.188,0.20366666666666666,1.866,86.0256,85.8899
917,8.866,483.016,119.437,347.203,0.57,0.221,3.023,48.9515,36.6995
918,9.172,482.272,132.139,349.008,0.928,0.266,1.871,51.6525,71.8048
919,11.807,481.481,183.272,340.145,1.317,0.311,0.913,66.7686,67.9544
920,14.138,480.646,185.67,343.283,2.421,0.776,1.833,64.2075,57.1809
921,15.069,479.763,171.676,347.846,2.604,0.47850000000000004,1.716,79.4823,78.1411
922,13.393,478.837,229.192,335.055,2.495,0.181,2.282,106.241,86.3678
923,16.371,477.865,229.238,341.852,3.581,0.1668,1.982,76.96,73.9557
924,17.459,476.849,333.708,322.726,5.478,0.15259999999999999,3.939,93.7783,86.3959
925,19.545,475.789,260.633,344.486,7.216,0.1384,2.746,96.4874,76.2251
926,17.113,474.684,266.924,339.67,4.34,0.1242,3.746,83.3967,78.5045
927,17.512,473.536,83.336,384.588,1.88,0.11,4.567,45.9199,-5.46788
928,18.281,472.343,57.438,383.003,1.346,0.267,5.923,19.4862,-16.5321
929,17.378,471.108,95.905,372.653,2.214,11.575,5.344,51.6211,-2.00123
930,15.191,469.832,149.357,362.005,1.487,0.918,2.188,68.2729,28.354
931,15.128,468.511,111.688,371.679,1.596,1.599,1.518,41.8673,27.304
932,17.071,467.15,201.453,369.101,2.935,0.627,1.813,98.3001,61.6832
933,17.165,465.745,302.821,371.04,2.941,0.498,2.542,112.081,106.773
934,16.64,464.3,196.558,374.294,1.817,0.369,2.134,69.8629,79.056
935,16.007,462.814,8.25,373.681,1.056,0.24,1.329,67.8009,66.6364
936,16.126,461.288,4.895,373.618,1.011,0.111,1.072,38.5828,22.6871
937,18.26,459.721,53.026,381.706,2.462,1.922,1.47,78.2078,56.5256
938,14.608,458.114,44.284,383.438,0.438,44.332,4.508,54.3818,-4.86331
939,14.542,456.468,115.658,366.928,1.017,1.145,2.694,73.3434,20.8684
940,15.571,454.784,83.391,378.063,0.762,21.906,2.328,84.7208,4.79474
941,19.632,453.06,197.458,391.945,2.13,5.004,3.839,94.2202,52.5727
942,20.172,451.298,149.811,381.478,2.49,0.362,1.916,77.2627,24.0934
943,21.686,449.498,200.246,384.529,3.914,1.152,1.678,92.2467,54.2716
944,21.35,447.661,129.212,405.385,2.261,4.289,3.327,61.8917,25.2083
945,20.825,445.787,35.928,417.986,0.726,30.612,4.385,20.4988,-12.0692
946,21.033,443.877,221.359,402.48,2.292,1.098,6.373,95.7565,44.0647
947,19.973,441.931,34.249,412.294,0.665,0.384,5.514,31.4058,-13.4572
948,20.261,439.949,249.276,364.294,6.86,0.4171,4.235,113.423,59.4317
949,19.414,437.932,144.142,372.081,4.305,0.4502,2.895,76.5132,18.3029
950,20.252,435.88,267.609,323.667,7.004,0.4833,1.619,128.079,65.9298
951,19.446,433.794,299.596,317.86,5.946,0.5164,3.679,152.273,75.8619
952,19.905,431.674,237.317,346.324,4.302,0.5495,2.999,127.788,48.4605
953,21.876,429.52,268.753,360.145,6.134,0.5826,2.598,121.839,51.5954
954,22.936,427.335,269.483,348.309,7.899,0.6157,2.709,128.213,41.5823
955,21.302,425.117,272.268,359.051,4.953,0.6488,3.285,121.169,60.3272
956,20.508,422.866,150.747,387.452,2.579,0.6819,2.494,142.492,14.6239
957,18.306,420.584,252.271,361.649,2.733,0.715,2.461,190.867,73.1562
958,15.54,418.272,192.714,335.678,2.789,0.694,1.636,109.307,59.5527
959,17.739,415.928,186.868,364.5,3.354,0.673,1.973,87.1625,36.3109
960,19.236,413.555,111.493,389.888,1.604,0.652,2.546,78.1347,-8.47902
961,19.271,411.153,123.271,377.029,0.719,0.631,2.793,74.0976,-9.13473
962,14.726,408.721,80.839,382.154,0.377,4.121,3.377,58.603,1.16157
963,14.425,406.262,66.362,383.392,0.035,13.447,2.325,78.0231,7.71986
964,14.15,403.774,173.815,371.212,0.295,23.013,3.751,83.0934,66.4515
965,13.898,401.259,271.29,304.355,2.713,11.7505,2.868,118.687,91.3597
966,15.68,398.717,271.678,291.36,4.255,0.488,4.27,121.954,32.6383
967,15.864,396.148,262.015,295.251,5.412,17.314,2.043,123.634,53.2028
968,14.327,393.555,40.768,369.701,1.32,34.14,2.776,53.2397,-15.0352
969,17.231,390.935,124.279,387.018,0.326,11.598,5.504,75.3983,-1.84049
970,16.457,388.292,147.309,363.858,1.025,1.095,5.059,55.779,6.44862
971,16.959,385.624,168.152,331.83,1.344,3.697,4.496,79.6358,1.83088
972,18.378,382.932,227.873,343.13,3.243,4.675,5.126,112.122,11.6617
973,17.686,380.218,203.541,327.296,2.822,5.653,4.271,99.6336,3.41762
974,18.709,377.481,189.72,335.87,4.741,7.071,4.348,98.392,-16.8788
975,17.159,374.723,41.765,380.755,0.495,8.489,5.487,51.2925,-27.1862
976,11.932,371.943,116.096,314.445,2.061,0.168,4.594,89.701,-18.8168
977,12.425,369.143,207.135,274.875,3.529,9.408,3.727,89.503,17.2596
978,13.695,366.323,175.704,300.548,3.269,18.648,1.321,79.9234,38.6262
979,14.722,363.484,185.068,294.536,2.922,27.887999999999998,1.734,118.344,55.9358
980,14.282,360.626,27.993,371.632,0.721,37.128,2.871,55.4395,-22.3044
981,15.314,357.75,112.965,360.291,0.254,14.344,5.277,60.3482,1.02563
982,16.134,354.856,219.749,317.929,2.364,10.143999999999998,5.411,82.364,24.5509
983,16.386,351.946,133.553,337.744,1.947,5.943999999999999,3.581,48.1046,-6.20804
984,15.138,349.02,35.13,346.198,0.066,1.744,6.232,15.0833,-39.6649
985,16.553,346.079,111.104,369.536,1.023,2.846,5.459,53.0662,-8.85019
986,13.12,343.122,119.663,323.984,0.788,6.065,3.861,75.865,-10.0745
987,9.513,340.152,64.048,293.355,2.897,6.088,2.049,82.3528,-36.7984
988,12.441,337.169,231.376,275.943,1.761,6.111000000000001,4.265,81.8958,37.13
989,16.647,334.174,211.476,315.413,4.378,6.134,3.276,81.2166,30.6369
990,14.041,331.166,95.412,346.303,2.237,6.157,4.476,50.9224,-28.2607
991,15.645,328.148,27.698,388.788,1.8530000000000002,9.856,5.115,36.4239,-17.2044
992,14.597,325.118,137.374,335.926,1.469,5.969,5.853,88.24,-19.8571
993,10.602,322.081,153.445,307.373,1.459,4.159,3.697,88.9628,3.35658
994,9.94,319.034,158.495,277.671,1.476,1.189,2.466,56.22,16.3916
995,10.659,315.98,116.716,307.684,1.097,6.0635,2.766,39.2357,13.5405
996,11.539,312.917,74.232,339.068,0.305,10.938,3.134,65.7794,-14.3777
997,10.856,309.85,170.13,280.815,1.666,0.51,3.834,83.0751,15.1227
998,10.235,306.776,204.204,261.575,1.631,2.197285714285714,2.05,85.7444,69.1598
999,9.934,303.699,192.287,256.154,2.425,3.8845714285714283,1.9,80.5465,46.6431
1000,10.6,300.617,144.776,281.358,1.567,5.571857142857143,2.765,38.0879,14.8071
1001,11.326,297.532,169.993,291.566,1.608,7.259142857142857,3.266,76.5427,25.6158
1002,12.222,294.446,202.384,276.145,2.177,8.946428571428571,3.092,84.0793,37.6106
1003,11.735,291.359,114.73,300.612,1.522,10.633714285714285,5.645,54.4221,-23.2499
1004,12.099,288.271,38.975,354.272,0.055,12.321,4.267,33.9633,-18.7509
1005,10.898,285.184,129.992,311.268,1.159,3.851,3.857,68.2784,0.524059
1006,6.927,282.099,145.915,267.035,2.881,2.462,5.327,131.291,-15.83
1007,8.921,279.017,117.969,293.19,2.096,1.153,6.465,71.5799,-35.037
1008,8.047,275.938,136.351,255.83,2.578,0.356,4.113,68.3241,-2.18744
1009,8.594,272.864,152.672,259.697,2.355,4.636,5.062,42.8998,1.0366
1010,9.769,269.795,111.954,299.975,1.891,8.916,5.06,37.7921,-21.6628
1011,8.918,266.733,23.401,343.243,0.207,13.196,3.701,20.2373,-22.9552
1012,8.166,263.679,144.38,255.372,2.67,0.125,2.795,65.772,11.496
1013,9.524,260.632,165.568,271.929,3.067,0.114,2.376,54.5749,55.1091
1014,10.781,257.596,145.837,271.988,1.904,0.103,2.979,34.7982,35.0006
1015,10.31,254.57,168.375,270.926,1.445,0.092,4.074,42.7202,46.3486
1016,11.674,251.556,166.128,260.861,3.389,4.747999999999999,3.986,50.2733,15.7996
1017,11.84,248.553,80.037,325.744,1.314,9.404,6.593,32.8472,-29.2893
1018,8.711,245.566,118.967,287.536,1.378,0.091,3.926,33.1486,11.8258
1019,8.325,242.592,109.302,265.371,2.685,0.127,4.869,64.3951,-6.56691
1020,8.176,239.635,70.271,280.102,1.925,0.949,5.332,27.4682,-30.3938
1021,5.427,236.694,110.532,248.285,2.659,1.391,3.282,32.2897,23.9409
1022,5.764,233.772,151.579,242.667,2.599,1.833,2.82,32.8488,54.1801
1023,8.18,230.867,161.169,244.423,1.849,2.275,4.982,24.9536,33.142
1024,8.821,227.984,104.117,294.664,1.991,2.717,2.496,14.7257,27.8469
1025,6.187,225.12,24.796,337.1,0.041,3.159,3.894,4.62165,-1.19381
1026,5.663,222.28,17.665,336.129,0.7255,1.285,4.162,12.3716,-7.47567
1027,6.861,219.463,87.961,296.463,1.41,0.299,8.092,34.7288,-34.1292
1028,0.298,216.67,34.414,287.83,1.312,1.977,7.149,38.0961,-47.8344
1029,3.951,213.902,140.786,237.647,2.419,1.5996666666666668,6.133,24.642,0.750792
1030,7.625,211.16,131.475,260.717,2.691,1.2223333333333333,6.279,12.0261,13.0443
1031,7.665,208.447,19.301,320.028,1.24,0.845,5.268,-1.3516,-21.5279
1032,7.32,205.761,39.056,310.627,0.566,7.024,5.508,28.5294,-31.282
1033,0.997,203.105,62.896,283.429,0.632,1.009,2.681,27.5967,11.7558
1034,1.824,200.48,113.882,260.663,1.113,0.25,5.475,30.2794,12.708
1035,5.021,197.886,77.315,298.848,0.442,0.396,5.715,19.1689,-18.101
1036,7.972,195.325,54.843,302.188,0.839,0.542,6.092,23.6278,-27.8011
1037,8.749,192.797,88.658,277.714,1.348,0.688,4.4,15.3788,-4.06142
1038,8.977,190.305,68.31,313.759,1.646,0.834,4.452,18.1487,-3.42776
1039,6.771,187.848,118.65,235.72,2.585,4.3613333333333335,5.106,40.2806,5.49977
1040,6.918,185.427,60.732,264.663,3.63,7.8886666666666665,3.186,15.9666,-13.6294
1041,8.086,183.044,52.818,325.791,1.175,11.416,4.647,10.0734,-17.8831
1042,3.115,180.699,96.739,290.562,0.949,5.668,5.028,25.7663,8.07257
1043,-2.876,178.394,45.399,266.969,0.066,4.967,4.851,20.7275,-6.73953
1044,-1.247,176.13,53.654,283.532,0.408,0.792,5.377,11.5744,-30.4641
1045,-0.499,173.906,29.0,280.23,0.3075,5.961,1.08,1.93186,-4.81241
1046,-2.453,171.724,66.0,270.921,0.207,2.602,2.521,17.0801,-1.83569
1047,-3.539,169.585,61.712,273.895,0.208,3.505,4.815,12.6122,5.91142
1048,-3.114,167.491,51.108,281.056,0.012,2.75,2.304,4.20664,5.46793
1049,-3.681,165.44,49.697,256.818,0.115,1.918,0.925,5.37554,5.645
1050,-3.59,163.435,83.113,237.077,0.202,2.212,2.712,11.9008,8.75598
1051,-3.729,161.476,50.118,276.79,0.17483333333333334,1.875,2.441,-3.23641,1.66687
1052,-2.93,159.564,65.768,277.508,0.14766666666666667,2.293,1.541,19.2035,6.70123
1053,-2.561,157.7,74.741,255.396,0.12050000000000001,3.12,2.133,-1.61209,4.3086
1054,-2.741,155.884,57.775,280.353,0.09333333333333334,1.93,1.684,8.38565,5.23203
1055,-3.013,154.117,47.968,276.046,0.06616666666666668,3.528,2.587,9.31199,13.7506
1056,-4.67,152.399,58.23,266.743,0.039,3.982,5.768,10.6872,-5.46152
1057,-3.558,150.732,48.675,276.099,0.066,6.676,3.987,9.33635,-2.54113
1058,-3.092,149.116,73.276,247.915,0.496,2.121,4.453,12.4127,-16.0868
1059,-4.406,147.551,23.036,278.119,0.053,8.196,4.473,1.97584,-9.16442
1060,-4.353,146.039,37.219,257.074,0.409,2.633,5.234,6.11026,-13.4568
1061,-3.276,144.578,70.139,233.961,0.584,1.404,2.417,3.3735,11.0218
1062,-3.397,143.171,72.226,236.791,0.458,0.175,3.171,7.71938,-0.577
1063,-0.914,141.818,21.443,289.167,0.859,6.129,4.3,14.9165,-16.3491
1064,-3.069,140.519,15.469,294.175,0.46749999999999997,5.77,8.693,-2.31715,-16.6038
1065,-5.317,139.275,28.54,273.75,0.076,1.338,6.241,10.9685,-15.6644
1066,-4.954,138.085,58.943,233.561,0.413,0.544,6.199,7.67613,-13.5556
1067,-7.848,136.95,50.705,250.147,0.059,1.433,4.042,-8.92956,5.0744
1068,-5.451,135.872,83.967,217.45,0.412,0.255,2.112,-2.11022,-2.36596
1069,-3.503,134.85,44.054,275.584,0.2475,4.101,3.498,0.132678,-12.3271
1070,-5.822,133.883,91.157,210.016,0.083,1.394,2.292,-1.46472,-6.19625
1071,-6.227,132.974,93.409,187.508,0.39,0.898,1.86,4.26889,-4.45521
1072,-6.328,132.122,98.041,190.006,0.68,0.086,1.646,1.86534,-13.9321
1073,-5.564,131.328,42.6,272.136,0.282,2.486,4.669,6.43326,-3.91233
1074,-10.041,130.591,21.058,249.538,0.089,2.646,5.276,8.15953,8.13568
1075,-8.468,129.912,62.194,219.236,0.255,2.712,3.056,1.96161,3.24023
1076,-8.478,129.291,49.676,237.104,0.13,2.798,2.87,-1.97806,1.33998
1077,-9.498,128.728,39.935,245.352,0.079,5.65,3.008,2.82565,1.7317
1078,-9.664,128.224,52.503,212.224,0.091,3.345,1.876,-4.50943,4.19752
1079,-10.256,127.779,46.579,238.169,0.093,2.509,3.298,4.71368,-0.630031
1080,-8.27,127.392,45.77,251.571,0.063,2.301,3.06,10.9376,7.51983
1081,-10.283,127.065,18.891,235.629,0.122,13.149,2.995,0.22791,-0.558677
1082,-8.68,126.796,18.525,254.678,0.191,8.447,6.292,13.0722,32.7934
1083,-7.257,126.587,26.564,252.201,0.088,10.11,5.814,8.10826,7.48859
1084,-7.468,126.437,51.948,234.447,0.361,0.593,3.362,7.17578,4.58828
1085,-8.72,126.347,77.007,205.766,0.23,0.244,1.397,4.5344,2.86259
1086,-9.209,126.316,87.764,185.366,0.395,1.0939999999999999,3.286,4.57452,-8.02725
1087,-8.484,126.345,51.769,209.154,0.235,1.944,3.141,5.20537,-7.924
1088,-7.55,126.433,63.136,241.76,0.041,3.569,3.24,2.47143,9.26938
1089,-7.344,126.581,55.394,242.988,0.087,2.728,2.895,8.38597,2.87832
1090,-9.493,126.788,43.051,237.177,0.129,13.691,5.378,1.40125,31.59
1091,-9.831,127.055,68.87,221.215,0.089,2.836,2.182,-2.10022,-4.11649
1092,-11.343,127.381,44.429,215.129,0.17,2.857,3.29,-4.77018,-0.118691
1093,-10.891,127.768,100.717,191.324,0.459,0.563,2.221,2.02875,18.7136
1094,-11.049,128.213,76.337,199.76,0.413,0.28,1.832,0.44725,11.006
1095,-11.43,128.717,85.54,201.21,0.306,0.576,2.943,0.305613,5.69598
