TIMESTAMP,SW_IN_Fx/Rax,SW_IN_Fx,Rax,Ra,SW_IN_F,TA_F,WS_F,TA_D,RH,dswrf,gust,spfh,tmax,tmin
20091215,0.241406946,338.566,1402.47,1403.01,340.964,25.951,2.089,1.486,52.536315,1490,12.39692,5.00706,18.42,17.45
20091215,0.241406946,338.566,1402.47,1403.01,340.964,25.951,2.089,1.486,55.08130833,1490,12.39692,5.00706,18.42,17.45
20091216,0.243023214,340.964,1403.01,1403.51,275.034,27.437,2.637,0.256,60.66981154,1400,22.56176,6.02508,20.29,19.43
20091217,0.195961554,275.034,1403.51,1403.97,260.517,27.693,2.954,0.622,57.88461923,1430,27.92784,6.53341,21.52,20.7
20091218,0.185557384,260.517,1403.97,1404.41,281.768,28.315,2.258,1.81,56.20833846,1400,20.24802,6.62998,23.05,21.62
20091219,0.20063087,281.768,1404.41,1404.81,288.618,30.125,3.18,-1.271,60.55778333,1380,27.54003,7.03505,23.4,22.85
20091220,0.205449847,288.618,1404.81,1405.18,233.482,28.854,3.067,-0.738,66.14208462,1100,25.42043,7.21141,24.7,23.63
20091221,0.166158072,233.482,1405.18,1405.51,168.838,28.116,1.49,1.605,62.01115769,1140,5.345775,7.49256,23.5,22.93
20091222,0.120125791,168.838,1405.51,1405.82,216.834,29.721,1.552,-0.703,62.22187308,1120,7.6374,7.54,23.81,23.17
20091223,0.15424023,216.834,1405.82,1406.1,259.236,29.018,2.1,0.151,61.40525769,1412,15.33414,7.56223,24.56,23.85
20091224,0.184365266,259.236,1406.1,1406.34,265.802,29.169,2.865,0.142,66.32938077,1430,18.73416,7.72667,23.91,23.2
20091225,0.189002659,265.802,1406.34,1406.54,205.746,29.311,1.476,0.381,60.95029615,920,16.035581,7.809,24.57,23.96
20091226,0.146278101,205.746,1406.54,1406.63,258.786,29.692,2.313,-1.097,64.346575,1202,11.53541,8.07438,24.69,24.02
20091227,0.183975886,258.786,1406.63,1406.44,282.236,28.595,1.955,0.953,56.97167917,1200,13.03183,7.70376,25.57,24.32
20091228,0.200674042,282.236,1406.44,1406.95,305.589,29.548,1.836,-1.02,63.10923846,1493,7.172648,6.266,22.76,21.75
20091229,0.217199616,305.589,1406.95,1407.02,213.98,28.528,2.087,0.115,56.42914615,1024,8.98998,6.541,24.27,22.91
20091230,0.152080283,213.98,1407.02,1407.05,221.065,28.643,2.823,-1.16,45.597925,910,24.69184,7.00427,25.41,23.39
20091231,0.157112398,221.065,1407.05,1407.04,318.194,27.483,4.501,-0.297,56.87226923,1480,42.34702,5.77621,23.65,22.41
20100101,0.226144246,318.194,1407.04,1407.02,265.337,27.186,2.494,2.333,58.83063462,1360,27.22741,6.025,21.93,20.73
20100102,0.18858083,265.337,1407.02,1406.94,257.537,29.519,2.346,0.195,58.06891154,1264,23.34375,6.849,23.51,22.75
20100103,0.183047607,257.537,1406.94,1406.82,260.005,29.714,2.662,1.335,61.33809231,1320,28.37555,7.119,24.24,23.2
20100104,0.184817532,260.005,1406.82,1406.66,196.584,31.049,3.359,0.878,56.25913462,630,39.33317,7.61197,25.11,23.95
20100105,0.139752321,196.584,1406.66,1406.46,255.159,31.927,3.056,-5.735,61.88049,1280,37.09975,8.16635,25.6,25.34
20100106,0.181419308,255.159,1406.46,1406.22,162.529,26.192,2.167,-0.46,66.99718077,920,25.90157,7.875,25.71,24.79
20100107,0.115578643,162.529,1406.22,1405.94,231.464,25.732,3.534,1.364,64.18447308,980,32.96148,6.61209,23.08,22.38
20100108,0.164632915,231.464,1405.94,1405.61,243.158,27.096,2.65,1.469,68.79885,1020,24.141526,6.73353,22.44,20.87
20100109,0.172991086,243.158,1405.61,1405.25,231.828,28.565,2.856,-1.911,72.65298636,1287,12.52096,7.77965,23.31,23.01
20100110,0.164972781,231.828,1405.25,1404.84,214.933,26.654,2.118,1.539,68.53745385,1223,13.91738,7.7594,24.03,23.35
20100111,0.152994647,214.933,1404.84,1404.39,246.887,28.193,1.703,-1.165,67.85522692,1318,10.68468,7.48208,23.82,22.99
20100112,0.175796609,246.887,1404.39,1403.89,189.239,27.028,3.507,-3.361,64.56524231,1037,32.22627,7.30865,25.41,25.01
20100113,0.134796173,189.239,1403.89,1403.34,236.057,23.667,3.265,0.48,50.61341364,541,32.78543,4.86058,18.14,17.43
20100114,0.16821084,236.057,1403.34,1402.75,342.184,24.147,2.699,0.55,54.59319167,1497,17.4786,4.44226,18.35,16.88
20100115,0.243937979,342.184,1402.75,1402.11,330.599,24.697,2.382,0.388,68.99274615,1456,13.15975,4.86026,18.75,17.34
20100116,0.235786778,330.599,1402.11,1401.42,215.929,25.085,2.2,2.637,63.90417692,1350,21.4064,6.84777,21.28,20.77
20100117,0.15407872,215.929,1401.42,1400.69,227.995,27.722,1.868,0.305,67.54749615,1330,11.66694,6.92272,22.41,22.07
20100118,0.162773347,227.995,1400.69,1399.9,207.943,28.027,2.434,-2.326,69.20952222,1145,17.86201,7.63406,24.28,23.18
20100119,0.148541324,207.943,1399.9,1399.06,222.489,25.701,2.441,-0.521,62.631975,953,41.06396,7.4387,24.98,24.73
20100120,0.15902749,222.489,1399.06,1398.17,275.083,25.18,2.744,-1.15,53.43024545,1458,25.89163,5.64921,22.03,20.9
20100121,0.196745031,275.083,1398.17,1397.23,340.047,24.03,3.034,0.878,57.71516667,1483,24.32306,4.412,19.86,18.41
20100122,0.243372244,340.047,1397.23,1396.23,286.666,24.908,3.113,1.887,59.43029231,1445,28.89041,5.17827,18.63,17.77
20100123,0.205314311,286.666,1396.23,1395.17,255.008,26.795,3.111,1.643,55.62009615,1409,25.31432,6.17869,20.48,19.96
20100124,0.18277916,255.008,1395.17,1394.06,247.678,28.438,2.059,-0.718,58.17866923,1227,17.05967,6.38105,21.95,21.2
20100125,0.177666671,247.678,1394.06,1392.89,269.085,27.72,2.365,0.346,57.61358846,1343,14.978859,6.44731,23.76,22.22
20100126,0.193184674,269.085,1392.89,1391.67,267.738,28.066,2.006,-0.607,59.16858333,1380,18.70381,6.22339,23.35,21.88
20100127,0.192386126,267.738,1391.67,1390.38,280.928,27.459,2.037,-1.634,63.32851364,1201,18.59478,6.29792,22.1,21.5
20100128,0.202051238,280.928,1390.38,1389.04,266.799,25.825,1.791,2.121,59.3588,1397,10.42631,5.75,22.89,21.42
20100129,0.192074382,266.799,1389.04,1387.63,308.734,27.946,1.663,2.542,56.3425125,1408,9.09324,5.5556,22.78,21.65
20100130,0.222490145,308.734,1387.63,1386.16,269.57,30.488,2.381,0.057,58.95403462,1197,15.31842,5.7103,23.77,22.22
20100131,0.1944725,269.57,1386.16,1384.63,274.15,30.545,2.656,0.239,59.04203846,1247,33.09719,6.18471,27.15,26.19
20100201,0.197995132,274.15,1384.63,1383.03,254.961,30.784,3.372,0.862,53.91887692,1134,32.3014,6.78583,26.31,25.39
20100202,0.18434958,254.961,1383.03,1381.36,267.526,31.646,4.091,0.764,48.47655833,1220,41.4545,6.8036,28.3,26.87
20100203,0.193668559,267.526,1381.36,1379.62,307.842,32.41,4.828,-2.815,59.89312692,1351,44.17183,6.12418,29.36,28.63
20100204,0.223135356,307.842,1379.62,1377.82,207.946,29.595,3.028,2.278,57.20715769,1330,37.59002,6.23663,30.55,29.99
20100205,0.150923923,207.946,1377.82,1375.95,265.511,31.873,2.742,0.772,53.50976667,1104,32.86212,6.33024,28.49,26.35
20100206,0.192965587,265.511,1375.95,1374.01,273.87,32.645,2.78,0.148,53.85253333,1340,35.02716,6.02731,29.68,28.82
20100207,0.199321693,273.87,1374.01,1372,286.35,32.793,2.678,-7.349,62.27149,1304,31.31406,6.59355,29.99,28.86
20100208,0.208709913,286.35,1372,1369.92,213.59,25.444,2.909,-0.169,58.94664,557,33.47583,6.16735,29.4,28.45
20100209,0.155914214,213.59,1369.92,1367.76,314.517,25.275,2.475,2.44,54.72779583,1374,17.77223,5.59033,20.13,19.51
20100210,0.22995043,314.517,1367.76,1365.53,287.132,27.715,2.095,1.753,57.33574167,1238,22.05419,5.73436,21.42,20.01
20100211,0.21027147,287.132,1365.53,1363.23,239.183,29.468,1.924,-0.076,57.6920625,1166,17.48475,6.49539,24.85,23.55
20100212,0.175453152,239.183,1363.23,1360.85,258.702,29.392,2.192,-0.607,59.05900909,1265,12.878522,7.213,24.51,23.43
20100213,0.190103244,258.702,1360.85,1358.39,261.642,28.785,2.864,-1.898,64.55195385,1228,30.09145,6.555,24.55,23.85
20100214,0.192611842,261.642,1358.39,1355.86,133.863,26.887,2.27,-0.203,70.400755,927,25.38781,6.85651,26.02,24.58
20100215,0.09872922,133.863,1355.86,1353.25,85.399,26.684,2.218,-0.07,64.24665417,787,17.66791,7.02307,22.98,22.39
20100216,0.063106595,85.399,1353.25,1350.56,172.473,26.614,2.403,-1.024,66.62457727,1103,14.45351,6.648,22.68,21.73
20100217,0.127704804,172.473,1350.56,1347.79,215.594,25.59,2.488,3.071,58.68156818,1160,29.5662,5.881,21.19,20.18
20100218,0.159961122,215.594,1347.79,1344.94,240.99,28.661,2.735,1.204,56.4497,1185,30.125,6.495,23.55,22.48
20100219,0.179182714,240.99,1344.94,1342.01,262.489,29.865,3.108,0.562,62.10119545,1271,36.54105,6.54819,26.01,24.96
20100220,0.195593923,262.489,1342.01,1339,234.105,30.427,2.65,-1.875,67.79185417,1125,19.36612,6.69222,25.91,24.65
20100221,0.174835698,234.105,1339,1335.91,192.931,28.552,2.321,0.691,67.32469583,764,25.64003,7.07917,27.43,26.25
20100222,0.14441916,192.931,1335.91,1332.74,195.852,29.243,2.669,-3.331,63.653525,290,25.38543,7.715,24.83,24.04
20100223,0.146954395,195.852,1332.74,1329.49,197.933,25.912,2.042,-2.416,65.82311818,663,22.21903,7.642,25.81,24.49
20100224,0.148878893,197.933,1329.49,1326.01,196.34,23.496,3.962,-4.025,50.880755,238,41.11169,5.351,24.57,23.15
20100225,0.148068265,196.34,1326.01,1322.73,299.458,19.471,4.116,2.625,66.15844583,1333,39.61388,3.450123,19.74,16.89
20100226,0.226393897,299.458,1322.73,1319.23,180.59,22.096,2.649,2.165,66.38421667,1069,26.11347,4.510221,16.65,15.11
20100227,0.136890459,180.59,1319.23,1315.65,138.017,24.261,1.755,1.534,60.66152273,297,15.3375,5.08338,20.38,19.39
20100228,0.10490404,138.017,1315.65,1311.98,257.108,25.795,2.438,0.647,56.96739545,1226,18.62411,6.05618,21.18,20.07
20100301,0.195969451,257.108,1311.98,1308.23,270.37,26.442,2.315,1.071,56.441,1240,25.68765,5.45249,20.63,19.13
20100302,0.206668552,270.37,1308.23,1304.4,244.625,27.513,2.329,-0.216,58.7838,1140,26.63689,5.586,22.76,20.55
20100303,0.187538332,244.625,1304.4,1300.49,236.242,27.297,2.468,1.682,54.40230455,1179,21.87153,5.377,23.77,21.99
20100304,0.181656145,236.242,1300.49,1296.49,232.306,28.979,1.887,-1.129,52.276525,898,18.49115,5.382,24.53,22.75
20100305,0.179180711,232.306,1296.49,1292.42,269.699,27.85,2.246,-0.837,49.48861818,1177,12.47863,5.378,22.99,21.62
20100306,0.20867752,269.699,1292.42,1288.26,261.754,27.013,1.749,-1.085,48.95021,1156,13.35431,4.98469,21.73,20.32
20100307,0.20318414,261.754,1288.26,1284.02,274.385,25.928,2.542,-0.591,57.26402273,1215,13.1791,4.78077,22.29,20.65
20100308,0.213692154,274.385,1284.02,1279.71,218.872,25.337,2.265,1.322,56.33599091,1162,17.64921,5.19898,20.97,19.49
20100309,0.1710325,218.872,1279.71,1275.31,230.442,26.659,2.379,-0.379,53.234145,1167,17.76565,5.563,21.7,20.38
20100310,0.18069489,230.442,1275.31,1270.84,255.808,26.28,2.062,0.388,52.59990455,1171,11.34168,5.269,22.57,20.85
20100311,0.201290485,255.808,1270.84,1266.29,220.211,26.668,1.874,-1.886,48.62248,1165,13.129289,4.871098,21.3,20.25
20100312,0.173902503,220.211,1266.29,1261.66,271.352,24.782,2.015,-2.783,68.92127222,1200,11.36282,3.856,20.13,18.24
20100313,0.215075377,271.352,1261.66,1256.96,195.916,21.999,1.881,2.64,65.71015455,126,27.30139,4.881,19.22,18.51
20100314,0.155864944,195.916,1256.96,1252.18,200.111,24.639,2.044,-0.373,68.13166,785,6.218732,6.047,19.05,18.3
20100315,0.159810091,200.111,1252.18,1247.34,220.734,24.266,1.77,-0.624,44.746165,1132,20.80716,5.468,21.32,20.68
20100316,0.176963779,220.734,1247.34,1242.42,264.231,23.642,2.775,2.342,52.252325,1169,32.32126,3.789,18.37,17.03
20100317,0.212674458,264.231,1242.42,1237.43,256.079,25.984,3.198,2.497,54.64734091,1122,32.9831,4.55,19.38,18.26
20100318,0.206944231,256.079,1237.43,1232.37,231.307,28.481,3.036,-3.501,64.78783182,938,28.33778,5.487,22.58,21.57
20100319,0.18769282,231.307,1232.37,1227.25,212.177,24.98,2.267,1.936,62.779115,506,30.26059,6.19,24.81,23.1
20100320,0.172888165,212.177,1227.25,1222.07,230.102,26.916,1.932,0.174,62.38436,1021,10.41573,6.468,21.75,21.42
20100321,0.188288723,230.102,1222.07,1216.82,225.097,27.09,2.564,-3.716,72.63161818,1079,17.91757,6.106,22.1,21.12
20100322,0.184987919,225.097,1216.82,1211.5,122.484,23.374,1.994,1.773,65.77712222,479,29.0975,6.845,25.89,24.41
20100323,0.101101114,122.484,1211.5,1206.13,25.499,25.147,2.641,-0.505,65.99106,518,40.29765,5.831,21.72,20.19
20100324,0.021141171,25.499,1206.13,1200.7,179.765,24.642,3.599,-0.151,63.29985455,942,38.98523,5.691,21.18,20.47
20100325,0.149716832,179.765,1200.7,1195.22,125.495,24.491,3.909,1.651,61.12267273,585,45.03304,5.078,20.55,19.64
20100326,0.104997406,125.495,1195.22,1189.68,188.028,26.142,2.963,0.715,60.47606364,826,28.90431,6.077,20.85,20.03
20100327,0.158049223,188.028,1189.68,1184.1,140.869,26.857,2.46,-0.858,62.64398182,972,27.29275,6.718,22.05,21.29
20100328,0.118967148,140.869,1184.1,1178.46,161.868,25.999,2.651,-0.447,61.90488,993,27.763,6.337,22.05,20.71
20100329,0.137355532,161.868,1178.46,1172.78,183.941,25.552,2.254,-0.553,57.497025,917,22.23183,5.909,20.97,19.96
20100330,0.156841863,183.941,1172.78,1167.05,204.103,24.999,2.334,1.436,52.89626,1009,15.18453,5.612,20.81,19.7
20100331,0.174887965,204.103,1167.05,1161.28,224.452,26.435,2.241,1.618,57.38672,1020,17.22068,5.28926,20.25,18.96
20100401,0.193279829,224.452,1161.28,1155.48,215.715,28.053,1.808,-0.183,58.747315,964,11.23758,5.681,21.85,20.84
20100402,0.186688649,215.715,1155.48,1149.64,186.079,27.87,1.89,-3.126,72.3799,777,11.68883,6.103,23.85,22.83
20100403,0.161858495,186.079,1149.64,1143.77,195.149,24.744,3.124,-4.948,69.70209,871,19.88192,5.656,24.25,22.84
20100404,0.170619093,195.149,1143.77,1137.86,171.48,19.796,4.479,-2.237,59.538345,661,38.94005,4.205,20.35,19.84
20100405,0.150703953,171.48,1137.86,1131.93,205.476,17.559,3.757,0.04,48.559585,953,36.68903,3.457,16.35,15.48
20100406,0.181527126,205.476,1131.93,1125.97,228.227,17.599,3.032,0.645,54.87051,1013,35.38636,3.251,14.75,13.58
20100407,0.202693677,228.227,1125.97,1119.99,225.217,18.244,2.726,0.717,50.695315,994,33.62129,3.434,13.85,13.37
20100408,0.201088403,225.217,1119.99,1113.99,222.453,18.961,2.987,1.179,52.332595,995,32.57444,3.372,14.15,12.73
20100409,0.199690302,222.453,1113.99,1107.98,192.762,20.14,2.328,0.929,46.152245,961,28.29777,3.475,14.35,12.88
20100410,0.173976065,192.762,1107.98,1101.96,216.147,21.069,2.102,1.239,47.251625,966,17.07895,3.317,15.95,14.15
20100411,0.196147773,216.147,1101.96,1095.39,215.89,22.308,2.252,0.905,47.18418,957,15.68508,3.34357,16.45,15.15
20100412,0.197089621,215.89,1095.39,1089.53,188.573,23.213,2.231,1.694,44.56499,941,14.88721,3.771,17.35,15.85
20100413,0.173077382,188.573,1089.53,1083.65,181.975,24.907,2.609,-2.184,55.32681,917,17.75564,4.108,18.55,17.55
20100414,0.167927836,181.975,1083.65,1077.77,181.627,22.723,2.958,-7.139,71.21933,664,26.24311,4.175,19.85,18.45
20100415,0.168521113,181.627,1077.77,1071.74,149.284,15.584,1.57,3.345,56.77201,696,14.275684,3.124,16.25,14.85
20100416,0.139291246,149.284,1071.74,1065.7,196.912,18.929,1.711,6.712,48.35268,912,6.308021,3.098,11.55,10.65
20100417,0.18477245,196.912,1065.7,1059.67,200.519,25.641,2.337,1.664,47.14649,717,25.03661,4.498,17.05,16.65
20100418,0.189227778,200.519,1059.67,1053.65,161.945,27.305,3.099,0.576,49.79619,726,37.74423,5.472,22.55,21.65
20100419,0.153699046,161.945,1053.65,1047.65,158.108,27.881,3.157,-3.441,65.584245,424,33.78952,5.519,23.65,23.25
20100420,0.150916814,158.108,1047.65,1041.66,81.729,24.44,3.152,-2.485,67.02941364,580,28.39211,6.418,24.95,22.95
20100421,0.078460342,81.729,1041.66,1035.69,58.516,21.955,2.232,-0.852,76.17856364,581,25.72966,6.972,22.45,21.75
20100422,0.056499532,58.516,1035.69,1029.76,2.575,21.103,3.724,-3.91,62.210035,51,36.83607,5.659,21.05,20.55
20100423,0.002500583,2.575,1029.76,1023.85,161.702,17.193,4.346,0.271,71.82242,792,36.42922,3.779,18.95,18.05
20100424,0.157935244,161.702,1023.85,1017.96,154.113,17.464,2.678,2.452,61.94534091,480,30.45843,3.957,12.75,12.05
20100425,0.151393964,154.113,1017.96,1012.11,35.619,19.916,1.651,-0.881,61.41006,147,12.51838,5.023,17.95,16.85
20100426,0.035192815,35.619,1012.11,1006.31,113.326,19.035,1.815,-1.119,58.05831429,352,23.04987,4.704,17.95,17.45
20100427,0.112615397,113.326,1006.31,1000.53,163.633,17.916,2.019,-0.761,57.1718,798,12.46297,3.953,16.45,15.35
20100428,0.16354632,163.633,1000.53,994.81,193.873,17.155,2.27,-1.077,52.98267778,839,17.83852,3.409113,13.05,11.8
20100429,0.19488445,193.873,994.81,989.13,191.545,16.078,3.048,1.699,57.98101667,844,15.0318,3.056,12.55,11.18
20100430,0.193649975,191.545,989.13,983.5,193.254,17.777,2.1,1.547,60.41282222,840,9.84151,2.939,11.65,10.45
20100501,0.196496187,193.254,983.5,977.92,190.603,19.324,1.525,0.017,65.23431,832,5.194238,3.049079,12.25,10.91
20100502,0.194906536,190.603,977.92,973.16,161.938,19.341,2.149,0.967,52.480385,654,20.34923,3.665,13.538,12.71
20100503,0.166404291,161.938,973.16,966.93,69.676,20.308,2.928,-2.758,69.101485,115,33.22213,4.993,18.66,18.3
20100504,0.072058991,69.676,966.93,961.53,67.404,17.55,2.336,0.58,69.09426,79,29.17327,4.245,17.25,16.97
20100505,0.070100777,67.404,961.53,956.19,169.102,18.13,1.89,1.51,71.33182,676,13.78299,4.06,13.75,13.04
20100506,0.176849789,169.102,956.19,950.92,161.904,19.64,1.832,-1.64,69.08502,591,20.23208,4.383,13.55,13.03
20100507,0.170260379,161.904,950.92,945.7,74.4,18,3.174,-3.768,70.9488,38,37.66641,4.074,19.55,18.12
20100508,0.078671883,74.4,945.7,940.6,166.648,14.232,3.122,-2.073,71.96178,765,36.36688,2.838,15.15,14.17
20100509,0.177172018,166.648,940.6,935.54,160.855,12.159,2.669,0.758,67.586645,752,27.42264,2.716,8.85,7.94
20100510,0.171938132,160.855,935.54,930.57,116.718,12.917,2.799,0.327,70.995285,748,23.12163,2.797,9.45,8.49
20100511,0.125426352,116.718,930.57,925.67,99.967,13.244,2.714,2.458,65.95181,656,31.63554,3.253,9.15,8.36
20100512,0.10799421,99.967,925.67,920.86,105.407,15.702,2.463,1.565,70.44221111,710,15.54084,3.351,10.45,9.77
20100513,0.114465825,105.407,920.86,916.14,162.418,17.267,2.226,1.28,66.82576875,727,13.78428,3.606,12.85,12.17
20100514,0.177285131,162.418,916.14,911.49,158.297,18.547,2.745,1.734,66.295565,606,35.82204,3.947,13.35,12.95
20100515,0.173668389,158.297,911.49,906.94,151.06,20.281,2.159,-3.23,83.344935,583,26.08026,4.386,17.55,15.63
20100516,0.166560081,151.06,906.94,902.49,59.159,17.051,3.032,-0.78,45.78500875,126,21.08066,4.211,16.45,15.65
20100517,0.065550865,59.159,902.49,898.13,10.077,16.271,3.258,-0.15,60.34080625,66,31.6847,3.948,13.95,13.65
20100518,0.011219979,10.077,898.13,893.87,47.743,16.121,3.236,0.293,75.78411,123,31.91322,3.404,17.15,14.55
20100519,0.05341157,47.743,893.87,889.7,87.051,16.414,1.409,0.474,80.60778,494,8.25063,3.406,10.05,9.25
20100520,0.097843093,87.051,889.7,885.64,70.825,16.888,0.992,1.215,75.2295585,397,3.490087,3.847,13.25,12.65
20100521,0.079970417,70.825,885.64,881.67,110.166,18.103,2.12,2.374,72.00983,654,13.11625,4.074,13.15,12.19
20100522,0.124951512,110.166,881.67,877.82,125.05,20.477,2.349,0.559,73.54832,664,28.49995,4.556,15.65,15.08
20100523,0.142455173,125.05,877.82,874.07,72.146,21.036,2.288,-1.624,63.389625,501,29.01663,4.839,17.15,16.65
20100524,0.0825403,72.146,874.07,870.43,18.532,19.412,1.612,-5.498,85.069895,74,22.87142,5.07,18.75,18.46
20100525,0.021290626,18.532,870.43,866.89,123.209,13.914,1.26,1.35,73.03331667,681,10.44759,3.298,12.05,10.45
20100526,0.142127606,123.209,866.89,863.48,153.242,15.264,2.719,0.889,74.95791875,682,22.78728,3.535,11.35,10.75
20100527,0.177470237,153.242,863.48,860.17,145.249,16.153,3.202,0.661,76.10330556,563,38.29922,3.797,12.85,12.25
20100528,0.168860807,145.249,860.17,856.98,108.923,16.814,2.487,2.197,76.80925,337,30.35976,4.153,14.25,13.37
20100529,0.127100983,108.923,856.98,853.91,82.542,19.011,2.192,-3.085,68.42470556,220,33.28241,4.641,16.05,15.17
20100530,0.096663583,82.542,853.91,850.96,43.747,15.926,2.914,-3.611,73.09176667,122,39.99343,3.576,18.55,15.62
20100531,0.051408997,43.747,850.96,848.12,117.063,12.315,2.513,-0.722,74.0121,537,24.46472,2.532,12.75,10.25
20100601,0.138026459,117.063,848.12,845.41,141.022,11.593,2.708,3.5,69.02301875,664,16.49858,2.572,10.85,7.65
20100602,0.166809004,141.022,845.41,842.82,141.984,15.093,2.413,1.457,71.98882222,631,19.18058,3.296,9.35,9.05
20100603,0.168463017,141.984,842.82,840.35,136.061,16.55,2.192,1.358,71.54008333,568,20.17086,3.695,11.65,11.05
20100604,0.161909918,136.061,840.35,838,94.439,17.908,1.798,-4.235,68.94766667,351,21.485853,4.248,15.95,15.65
20100605,0.112695704,94.439,838,835.78,126.716,13.673,1.752,-0.318,69.55006875,654,17.488755,2.93,12.55,11.75
20100606,0.151614061,126.716,835.78,833.69,145.421,13.355,2.074,0.735,71.3618625,648,8.52419,2.667,8.95,8.25
20100607,0.174430544,145.421,833.69,831.72,146.231,14.09,1.843,-0.987,68.65428125,657,6.40956,2.764,9.35,8.31
20100608,0.175817583,146.231,831.72,829.89,145.001,13.103,2.78,-0.981,76.07078125,642,23.60063,3.181,10.15,9.45
20100609,0.174723156,145.001,829.89,828.18,143.705,12.122,3.802,-2.549,81.602075,642,40.99275,2.824,11.35,10.29
20100610,0.173519042,143.705,828.18,826.6,143.793,9.573,2.982,3.05,73.2643,638,35.77144,2.577,9.35,8.32
20100611,0.173957174,143.793,826.6,825.15,140.786,12.623,2.591,4.296,75.96158333,626,30.37223,3.276,9.15,8.39
20100612,0.170618675,140.786,825.15,823.82,99.615,16.919,2.823,0.971,75.35740556,121,43.14827,3.48,13.95,13.45
20100613,0.120918405,99.615,823.82,822.5,130.248,17.89,2.35,-1.323,72.3756,181,30.41036,3.811,15.75,13.78
20100614,0.158356231,130.248,822.5,821.25,122.266,16.567,3.775,-0.287,79.89242,467,49.9199,4.037,19.05,16.95
20100617,0.021630496,17.721,819.26,818.46,82.589,17.714,1.557,4.124,83.45205625,277,23.90215,4.608,18.65,17.05
20100619,0.061477134,50.276,817.8,817.27,18.212,19.829,2.151,-5.757,87.35385,157,21.29559,4.899,18.95,18.45
20100620,0.022283945,18.212,817.27,816.87,100.083,14.072,2.507,0.873,88.6414,491,27.65562,2.664,11.65,10.75
20100629,0.048556523,39.744,818.51,819.31,93.722,17.383,1.059,1.464,80.083725,282,7.98247,3.863,12.15,11.48
20100630,0.114391378,93.722,819.31,820.26,109.598,18.847,1.825,1.944,68.15375,181,6.86957,4.354,14.75,14.45
20100701,0.133613732,109.598,820.26,821.33,136.562,20.791,2.216,0.934,58.8259,608,21.36256,4.699,14.95,14.25
20100702,0.166269344,136.562,821.33,822.53,130.8,21.725,2.831,-0.036,57.87844375,615,37.0059,4.422,18.35,17.35
20100703,0.159021555,130.8,822.53,823.86,137.201,21.689,2.664,0.395,54.4051625,620,33.99597,4.484,17.75,17.05
20100704,0.166534363,137.201,823.86,825.32,138.572,22.084,3.3,0.565,50.66065,624,45.7812,4.331,17.753,16.717
20100705,0.167900935,138.572,825.32,826.92,138.884,22.649,3.531,1.108,52.40738125,622,50.58901,4.27571,19.85,19.15
20100706,0.167953369,138.884,826.92,828.64,139.294,23.757,3.773,-3.164,62.93101111,622,53.8976,4.507,20.15,19.65
20100707,0.168099537,139.294,828.64,830.49,88.694,20.593,3.446,-4.765,78.3044375,284,42.99525,4.441,21.55,20.25
20100708,0.106797192,88.694,830.49,832.47,112.3,15.828,3.022,2.707,31.99242444,284,25.59404,3.305,13.15,11.25
20100709,0.134899756,112.3,832.47,834.58,22.579,18.535,1.637,0.87,76.82100625,323,14.44233,4.718,16.75,15.25
20100710,0.027054327,22.579,834.58,836.81,99.011,19.405,2.527,-0.027,73.89545,595,24.16618,4.494,15.35,14.75
20100711,0.118319571,99.011,836.81,839.17,80.852,19.378,2.755,-8.375,81.87625,257,31.21366,4.566,15.05,14.67
20100712,0.096347582,80.852,839.17,841.65,42.438,11.003,2.949,-4.544,69.1989,34,38.94012,3.056,17.85,17.15
20100713,0.050422385,42.438,841.65,844.26,151.189,6.459,1.893,2.115,65.3551,686,12.99193,1.564,4.35,2.69
20100714,0.17907872,151.189,844.26,846.98,151.562,8.574,1.641,-1.128,71.5250375,685,8.75125,1.71,4.45,3.6
20100715,0.178944013,151.562,846.98,849.82,154.751,7.446,2.934,-1.274,79.51255625,684,24.77214,1.909,4.65,3.97
20100716,0.182098562,154.751,849.82,852.79,149.266,6.172,3.774,2.433,89.109925,660,40.24384,1.894,4.75,4.21
20100719,0.006232394,5.354,859.06,862.37,58.046,7.037,3.28,1.773,81.04445714,145,22.21554,2.492,8.55,8.45
20100720,0.067309855,58.046,862.37,865.8,154.44,8.81,2.294,3.924,53.0482625,702,23.11325,2.432,4.85,3.85
20100721,0.178378378,154.44,865.8,869.33,8.138,12.734,2.323,-2.561,72.907575,18,22.23242,3.593,12.65,11.85
20100722,0.009361232,8.138,869.33,872.97,135.231,10.173,2.348,-0.855,79.7736125,673,25.47812,2.618,10.25,8.45
20100723,0.154909103,135.231,872.97,876.72,161.275,9.318,2.508,6.339,80.27043333,727,25.33251,2.448,6.65,5.65
20100724,0.183952687,161.275,876.72,880.58,118.246,15.657,2.673,-2.02,83.360025,382,32.24026,3.73,8.75,8.15
20100725,0.134281951,118.246,880.58,884.53,10.759,13.637,1.969,-3.506,70.381475,23,33.07287,3.452,18.65,17.65
20100726,0.012163522,10.759,884.53,888.59,163.92,10.131,1.884,0.687,76.7259625,740,8.542309,2.3,7.05,6.05
20100728,0.187013162,166.956,892.75,897,139.175,16.194,1.508,-0.243,86.0771,656,26.81888,4.29,12.45,11.45
20100810,0.172857248,165.032,954.73,960.02,179.054,10.548,3.104,4.113,89.4149,730,39.99816,2.531,9.25,8.95
20100811,0.186510698,179.054,960.02,965.36,163.597,14.661,2.766,-0.203,81.0546,767,31.0612,4.077,11.05,10.85
20100819,0.186815299,187.613,1004.27,1009.99,162.512,19.553,1.645,-0.466,76.48997,789,15.2293,3.931,16.05,15.05
20100829,0.13307958,141.425,1062.71,1068.63,148.699,25.099,2.355,-0.698,78.42386,865,17.028956,4.59,21.75,19.08
20100924,0.055539046,66.909,1204.72,1209.59,190.688,19.95,2.592,0.498,68.1184,971,30.01647,4.459,16.25,15.09
20100925,0.157646806,190.688,1209.59,1214.41,254.683,20.448,2.501,0.56,74.93571,1127,24.71373,4.106,14.25,13.15
20100926,0.209717476,254.683,1214.41,1219.17,241.57,21.008,3.135,1.694,73.97631,1133,31.19921,4.212,15.67,14.25
20100927,0.198142999,241.57,1219.17,1223.86,227.711,22.702,2.325,-1.112,79.815315,1081,24.75739,4.81,16.61,15.35
20100928,0.18605968,227.711,1223.86,1228.49,221.332,21.59,2.42,-3.957,72.33141,927,16.92993,5.47209,18.89,17.22
20100929,0.180165895,221.332,1228.49,1233.06,221.954,17.633,1.793,-1.112,74.40152273,1166,30.76043,3.283,16.39,13.44
20100930,0.180002595,221.954,1233.06,1237.57,267.002,16.521,2.068,0.394,72.57678636,1197,16.96301,3.002325,13.07,11.53
20101001,0.215746988,267.002,1237.57,1242,237.992,16.915,3.332,-2.705,76.25997727,303,33.30278,3.001,11.98,10.93
20101002,0.191619968,237.992,1242,1246.37,246.972,14.21,3.564,1.048,66.41117727,1199,34.98821,2.678517,14.009,12.024
20101003,0.198153036,246.972,1246.37,1250.67,253.571,15.258,2.95,1.986,78.02304091,999,28.00266,2.573,9.51,8.66
20101004,0.202748127,253.571,1250.67,1254.91,210.81,17.244,2.133,3.069,71.22053636,871,8.139849,3.273,12.28,11.07
20101005,0.167988143,210.81,1254.91,1259.26,266.235,20.313,1.953,1.637,71.82289167,1195,16.81046,3.826,13.18,12.07
20101006,0.211421787,266.235,1259.26,1263.36,233.156,21.95,2.6,-3.079,82.26615417,762,20.89143,4.288,16.23,14.76
20101007,0.184552305,233.156,1263.36,1267.38,137.023,18.871,2.99,-1.819,77.01190455,837,37.41969,4.56,18.55,17.36
20101008,0.108115167,137.023,1267.38,1271.34,235.731,17.052,2.358,2.163,71.44041667,1118,20.17187,3.452,12.87,11.64
20101009,0.185419321,235.731,1271.34,1275.23,213.729,19.215,2.866,-0.738,65.63280455,1180,21.53527,3.989,12.71,12.16
20101010,0.167600354,213.729,1275.23,1279.04,271.815,18.477,3.757,0.642,63.28983182,1259,38.80142,3.458,15.14,13.62
20101011,0.212514855,271.815,1279.04,1282.78,284.522,19.119,3.596,2.723,61.07770909,1273,40.29956,3.342,14.06,12.78
20101012,0.221801088,284.522,1282.78,1286.62,279.398,21.842,2.323,-1.575,68.39795,1229,29.33146,3.916,15.93,14.12
20101013,0.217156581,279.398,1286.62,1290.22,243.058,20.267,2.702,1.739,77.07024167,655,27.16726,4.204,18.58,17.1
20101014,0.188384927,243.058,1290.22,1293.76,117.464,22.006,2.568,1.879,76.67725833,686,24.99535,5.561,17.81,17.12
20101015,0.090792728,117.464,1293.76,1297.21,197.022,23.885,2.051,-2.841,79.9981125,768,15.26302,5.376,18.47,17.93
20101016,0.151881345,197.022,1297.21,1300.6,182.478,21.044,3.162,-3.109,76.354025,850,34.9847,4.84185,19.03,18.45
20101017,0.140302937,182.478,1300.6,1303.91,187.05,17.935,2.775,0.292,62.14514091,1259,34.90508,3.767,18.31,17.05
20101018,0.143453152,187.05,1303.91,1307.16,299.353,18.227,1.745,2.025,55.39446818,1319,12.62949,3.003,12.56,11.24
20101019,0.229010221,299.353,1307.16,1310.34,298.956,20.252,1.945,3.069,52.52992273,1332,12.28036,3.29,12.62,11.33
20101020,0.228151472,298.956,1310.34,1313.45,297.931,23.321,1.998,1.506,57.55625909,1321,19.76913,3.757,15.11,13.61
20101021,0.226830865,297.931,1313.45,1316.48,272.751,24.827,2.565,-1.537,81.04417083,1278,12.25034,4.414,18.08,16.57
20101022,0.207182031,272.751,1316.48,1322.05,74.041,23.29,1.509,-0.525,78.21654167,48,29.4936,5.252,20.94,20.31
20101023,0.05600469,74.041,1322.05,1322.36,192.556,22.765,1.512,0.858,64.5125375,684,12.436812,5.374,17.97,16.92
20101024,0.145615415,192.556,1322.36,1325.19,220.294,23.623,2.446,-3.765,63.22155909,1222,21.31872,5.23152,18.08,16.92
20101025,0.166235785,220.294,1325.19,1327.96,283.91,19.858,2.559,-0.646,59.94172273,1340,21.31033,4.01,17.91,16.68
20101026,0.21379409,283.91,1327.96,1330.67,306.521,19.212,2.022,-0.024,55.79870455,1360,13.19477,3.249,13.95,12.75
20101027,0.230350876,306.521,1330.67,1333.32,310.669,19.188,2.19,2.672,53.81732727,1376,18.45391,3.132,13.17,11.58
20101028,0.23300408,310.669,1333.32,1335.9,305.655,21.86,2.751,-2.002,66.5849,1359,20.30966,3.574,15.41,13.38
20101029,0.228800808,305.655,1335.9,1338.41,129.053,19.858,3.504,0.127,64.72665909,608,35.88716,4.943,17.09,16.42
20101030,0.096422621,129.053,1338.41,1340.87,241.14,19.985,2.884,-0.22,46.85139545,1166,27.36158,3.72124,18.13,17.55
20101031,0.179838463,241.14,1340.87,1343.26,314.568,19.765,1.994,0.656,51.14850455,1398,18.99322,2.726,12.23,11.45
20101101,0.234182511,314.568,1343.26,1345.6,315.085,20.421,2.223,2.002,47.867325,1397,14.07826,3.147,14.66,12.62
20101102,0.234159483,315.085,1345.6,1347.88,286.617,22.423,1.557,2.571,46.86945909,1373,11.82994,3.63,15.54,13.93
20101103,0.212642817,286.617,1347.88,1350.1,312.282,24.994,1.876,0.783,44.5683,1374,17.08486,3.813,17.4,16.06
20101104,0.231302866,312.282,1350.1,1352.26,308.713,25.777,2.089,-2.925,66.1584125,1269,9.67591,3.495153,18.29,16.46
20101105,0.228294115,308.713,1352.26,1354.37,199.673,22.852,2.437,-0.575,49.15143182,968,23.12852,4.434,22.63,19.69
20101106,0.147428694,199.673,1354.37,1356.42,316.048,22.277,2.019,2.25,43.40761818,1390,12.009884,3.476056,17.26,16.14
20101107,0.233001578,316.048,1356.42,1358.41,318.594,24.527,2.75,3.673,43.71485909,1407,18.39432,3.497667,17.87,16.25
20101108,0.234534493,318.594,1358.41,1360.37,316.091,28.2,2.982,-9.104,64.60624375,1377,28.96345,4.15024,19.34,18.84
20101109,0.232356638,316.091,1360.37,1362.26,141.77,19.096,3.242,-3.333,64.93310455,427,31.38339,4.106254,22.65,20.73
20101110,0.104069708,141.77,1362.26,1364.09,328.612,15.763,3.278,2.604,48.30628636,1459,27.92927,2.473747,12.15,10.11
20101111,0.240901993,328.612,1364.09,1365.89,330.376,18.367,2.923,0.808,50.72263636,1459,25.17386,2.623469,11.98,10.37
20101112,0.241875993,330.376,1365.89,1367.64,330.024,19.175,3.439,1,53.05348182,1461,31.33906,2.736528,12.94,11.2
20101113,0.241309116,330.024,1367.64,1369.33,330.214,20.175,2.533,2.202,52.67640909,1448,25.94693,2.995701,14.73,12.39
20101114,0.241150051,330.214,1369.33,1370.98,324.551,22.377,2.26,0.335,57.11755833,1365,18.61108,3.64289,15.44,13.65
20101115,0.236729201,324.551,1370.98,1372.58,321.844,22.712,2.584,-0.735,56.23082308,1230,18.59175,4.14852,17.95,16.74
20101116,0.23448105,321.844,1372.58,1374.14,373.566,21.977,2.305,0.138,52.64679615,1426,13.7258,3.596501,17.13,15.21
20101117,0.271854396,373.566,1374.14,1375.66,299.607,22.115,2.047,1.229,49.07498462,1199,15.45444,3.422238,16.59,14.88
20101118,0.21779146,299.607,1375.66,1377.12,375.483,23.344,1.759,-1.019,56.19804286,1455,10.31646,3.164394,15.74,14.51
20101119,0.272658156,375.483,1377.12,1378.56,205.725,22.325,2.522,3.746,51.28372692,736,26.73801,3.529546,17.15,16.21
20101120,0.149231807,205.725,1378.56,1379.95,351.899,26.071,2.503,-3.029,70.78211071,1342,35.91017,3.798019,21.69,19.18
20101121,0.255008515,351.899,1379.95,1381.29,70.102,23.042,1.866,2.273,60.56270455,906,17.26814,4.863,21.48,19.24
20101201,0.284794137,396.348,1391.7,1392.69,390.704,26.762,2.284,2.046,54.51596429,1510,14.29148,3.594549,18.01,16.5
20101202,0.280539101,390.704,1392.69,1393.63,341.315,28.808,2.721,-4.26,79.09078929,1110,14.80819,5.50163,21.28,20.46
20101203,0.244910773,341.315,1393.63,1394.54,92.083,24.548,1.509,-0.629,74.48548929,280,27.80198,6.38306,23.98,23.12
20101204,0.066031093,92.083,1394.54,1395.43,126.219,23.919,1.922,1.975,68.14113462,200,31.5801,6.118,20.9,20.27
20101205,0.090451689,126.219,1395.43,1396.28,278.287,25.894,2.541,0.25,56.20971786,1213,26.85455,5.6298,20.32,19.76
20101206,0.199306013,278.287,1396.28,1397.09,363.632,26.144,2.532,2.093,63.05523077,1383,25.65587,4.62647,20.88,19.54
20101207,0.26027815,363.632,1397.09,1397.88,272.751,28.237,1.608,-0.202,53.42707917,1277,9.23021,6.46992,22.86,22.46
20101208,0.195117607,272.751,1397.88,1398.63,377.942,28.035,2.518,-1.191,43.35006667,1502,24.98028,4.586,23.67,22.88
20101209,0.270223004,377.942,1398.63,1399.35,371.312,26.844,2.401,-0.034,50.95996786,1455,22.96207,3.779814,20.08,18.43
20101210,0.265346054,371.312,1399.35,1400.04,250.792,26.81,3.002,-3.102,62.78010769,1456,24.77815,5.08498,22.29,20.51
20101211,0.179132025,250.792,1400.04,1400.69,49.335,23.708,3.205,-2.448,47.31537692,1137,41.53882,7.00199,23.7,23.04
20101212,0.035221926,49.335,1400.69,1401.32,14.354,21.26,3.64,-3.866,61.92027,471,45.81535,5.830727,24.76,23.17
20101213,0.010243199,14.354,1401.32,1401.91,392.524,17.394,2.838,3.341,55.360675,1536,27.87619,2.650655,12.36,12.06
20101214,0.279992296,392.524,1401.91,1402.47,400.92,20.735,1.669,2.982,55.13308182,1543,9.20627,2.748754,12.79,11.59
20101215,0.285867077,400.92,1402.47,1403.01,398.493,23.717,1.915,1.768,61.83558182,1508,11.93374,3.7096,16.08,14.93
20101216,0.284027199,398.493,1403.01,1403.51,334.479,25.485,2.035,1.196,64.71890455,1180,21.9527,4.603216,19.66,17.62
20101217,0.238316079,334.479,1403.51,1403.97,309.779,26.681,1.427,2.844,56.04993636,1140,14.30494,5.2294,20.51,18.67
20101218,0.220645028,309.779,1403.97,1404.41,374.368,29.525,1.731,-1.842,59.17239643,1500,17.73092,4.91038,21.61,20.38
20101219,0.266566031,374.368,1404.41,1404.81,291.449,27.683,2.632,-3.362,66.32457083,1088,32.64159,6.05247,24.96,24.04
20101220,0.207465066,291.449,1404.81,1405.18,69.268,24.321,2.107,3.679,67.79612083,730,16.61547,6.36,23.87,22.95
20101221,0.049294752,69.268,1405.18,1405.51,279.847,28,1.942,-0.808,66.00528333,500,15.59987,6.08,20.87,20.19
20101222,0.199107086,279.847,1405.51,1405.82,248.961,27.192,1.733,0.779,65.76019167,940,14.30251,6.347,23.12,22.56
20101223,0.177093084,248.961,1405.82,1406.1,351.184,27.971,1.668,-0.096,67.30633929,1230,9.2869,6.46226,22.26,21.55
20101224,0.249757485,351.184,1406.1,1406.34,272.339,27.875,2.024,0.419,70.38929091,1080,19.98185,6.43398,23.38,22.34
20101225,0.193650895,272.339,1406.34,1406.54,359.288,28.294,1.396,0.431,53.89370909,1330,13.44472,6.28799,22.58,22.19
20101226,0.255441011,359.288,1406.54,1406.63,397.107,28.725,2.662,-2.035,46.89293636,1520,26.28528,4.772695,23.42,21.96
20101227,0.282310913,397.107,1406.63,1406.44,341.282,26.69,2.737,0.181,56.29368182,1530,32.23113,3.989111,21.56,19.89
20101228,0.242656637,341.282,1406.44,1406.95,335.744,26.871,2.941,-0.254,56.49495417,1500,31.13579,4.55541,22.55,21.21
20101229,0.238632503,335.744,1406.95,1407.02,327.381,26.617,3.009,-0.104,59.29080769,1480,30.75001,4.70823,23.04,21.12
20101230,0.232676863,327.381,1407.02,1407.05,275.665,26.513,3.108,-0.559,66.70186538,1460,33.02955,5.05505,24.35,22.1
20101231,0.195916989,275.665,1407.05,1407.04,223.717,25.954,1.803,-0.491,67.16465556,1190,27.36701,5.73389,22.68,21.66
20110101,0.158998323,223.717,1407.04,1407.02,192.018,25.463,1.772,-0.594,70.813455,780,21.96981,5.68068,20.5,20.16
20110102,0.136471408,192.018,1407.02,1406.94,229.779,24.869,2.079,0.466,68.04596923,1160,25.20698,5.63256,20.79,20.39
20110103,0.163318265,229.779,1406.94,1406.82,211.013,25.335,1.909,1.652,64.57308077,1443,17.8992,5.82577,20.22,19.02
20110104,0.149992892,211.013,1406.82,1406.66,240.501,26.987,1.347,1.892,56.60664231,1242,10.28372,6.163,21.2,20.23
20110105,0.170973085,240.501,1406.66,1406.46,286.268,28.879,1.692,0.069,57.50859615,1220,9.51372,6.12717,23.06,22.12
20110106,0.203537961,286.268,1406.46,1406.22,297.008,28.948,1.721,-0.277,55.87662692,1431,13.67433,5.77342,22.95,22.06
20110107,0.211210195,297.008,1406.22,1405.94,290.382,28.671,1.788,0.766,62.26686923,1345,15.46127,5.92247,23.96,22.76
20110108,0.206539397,290.382,1405.94,1405.61,276.076,29.437,1.851,0.784,61.44085769,1313,12.38762,6.195,26.15,23.12
20110109,0.1964101,276.076,1405.61,1405.25,260.244,30.221,1.355,-2.952,67.42236154,1360,11.31654,6.27025,26.5,25.31
20110110,0.185194094,260.244,1405.25,1404.84,273.898,27.269,1.593,-0.269,64.64912692,980,14.29833,6.15217,26.42,24.16
20110111,0.194967398,273.898,1404.84,1404.39,216.152,27,1.655,0.715,52.197775,1218,18.92184,6.23813,22.37,21.7
20110112,0.153911663,216.152,1404.39,1403.89,303.876,27.715,1.766,0.206,54.87563846,1470,16.01386,5.12634,21.32,20.53
20110113,0.216452856,303.876,1403.89,1403.34,265.551,27.921,1.428,1.989,49.88597083,1457,12.46987,5.18028,21.38,20.41
20110114,0.189227842,265.551,1403.34,1402.75,289.999,29.91,1.543,-0.112,52.78595,1460,16.36554,5.1711,22.61,21.34
20110115,0.206736054,289.999,1402.75,1402.11,323.906,29.798,1.795,0.65,51.29493846,1450,20.53272,5.329,23.42,22.26
20110116,0.231013259,323.906,1402.11,1401.42,300.578,30.448,2.43,-2.317,61.74412,1310,20.2836,5.317,23.9,22.13
20110117,0.214481026,300.578,1401.42,1400.69,224.107,28.131,2.344,-0.762,61.33246667,550,29.33611,6.13943,28.36,25.65
20110118,0.159997573,224.107,1400.69,1399.9,266.527,27.369,1.833,1.65,58.69430769,1389,25.97149,6.16826,22.57,21.6
20110119,0.190390028,266.527,1399.9,1399.06,301.548,29.019,1.616,-1.727,61.97605,1429,14.83483,6.0336,23.15,21.59
20110120,0.215536146,301.548,1399.06,1398.17,241.342,27.292,2.885,0.875,58.71172692,1401,23.87142,5.683,24.85,22.94
20110121,0.172612772,241.342,1398.17,1397.23,288.089,28.167,3.385,-0.023,60.75555769,1387,37.58605,6.16719,22.6,21.77
20110122,0.20618581,288.089,1397.23,1396.23,247.087,28.144,1.744,0.421,57.71941154,1364,17.22437,6.7,22.97,21.45
20110123,0.176967262,247.087,1396.23,1395.17,270.954,28.565,2.145,-0.309,61.80547308,1195,15.8716,6.50365,23.35,22.29
20110124,0.194208591,270.954,1395.17,1394.06,243.198,28.256,1.271,2.25,55.62485,1164,19.946711,6.65673,24.89,23.63
20110125,0.174453036,243.198,1394.06,1392.89,251.514,30.506,1.487,0.498,52.32973077,1136,9.25706,6.37027,24.84,23.75
20110126,0.180569894,251.514,1392.89,1391.67,257.897,31.004,2.707,-3.437,67.98689231,1069,20.88276,6.28516,26.79,26.08
20110127,0.185314766,257.897,1391.67,1390.38,250.048,27.567,2.069,-1.615,71.35146818,958,17.69508,6.43801,27.27,26.25
20110128,0.179841482,250.048,1390.38,1389.04,263.595,25.952,1.936,2.054,66.40190769,1028,27.88506,6.71766,26,25.3
20110129,0.189767753,263.595,1389.04,1387.63,246.842,28.006,1.372,1.498,64.15211538,1104,13.06254,6.974,22.11,21.74
20110130,0.177887477,246.842,1387.63,1386.16,243.79,29.504,1.277,0.654,62.58318462,1176,14.74687,6.89914,24.12,23.05
20110131,0.175874358,243.79,1386.16,1384.63,249.63,30.158,2.186,-3.502,55.31433077,1062,12.98491,6.749,25.1,23.88
20110201,0.18028643,249.63,1384.63,1383.03,198.659,26.656,2.481,0.242,66.45881667,1117,26.09901,6.48225,24.66,23.6
20110202,0.143640413,198.659,1383.03,1381.36,279.488,26.898,2.769,2.871,63.46865385,1385,33.00176,5.95506,21.72,20.79
20110203,0.20232814,279.488,1381.36,1379.62,245.115,29.769,2.041,-0.948,68.84578846,1234,17.82725,6.98165,23.96,22.59
20110204,0.177668488,245.115,1379.62,1377.82,174.65,28.821,2.089,-1.548,69.11444231,1168,8.92847,7.09887,24.46,23.8
20110205,0.126758212,174.65,1377.82,1375.95,215.567,27.273,1.675,0.937,63.5471375,1092,11.77617,7.63314,24.07,23.53
20110206,0.156667757,215.567,1375.95,1374.01,221.944,28.21,2.052,-0.187,64.40929615,1317,22.45827,6.92686,23.78,23.02
20110207,0.16153012,221.944,1374.01,1372,210.436,28.023,1.875,-0.427,56.03984115,1181,32.05319,7.07537,23.87,22.86
20110208,0.153379009,210.436,1372,1369.92,58.749,27.596,2.15,-2.833,72.95572692,947,25.14827,7.55595,24.26,23.55
20110209,0.042884986,58.749,1369.92,1367.76,158.87,24.763,2.104,0.664,64.63975909,368,28.18552,5.64699,21.39,19.94
20110210,0.116153419,158.87,1367.76,1365.53,207.507,25.427,1.997,1.615,67.59206923,824,22.68444,5.84745,20.38,19.08
20110211,0.151960777,207.507,1365.53,1363.23,205.817,27.042,2.041,-0.477,58.30478423,1255,17.08737,5.88127,19.76,18.69
20110212,0.150977458,205.817,1363.23,1360.85,121.946,26.565,2.43,0.012,66.58749545,530,20.7708,6.22633,22.24,21.85
20110213,0.08961017,121.946,1360.85,1358.39,239.271,26.577,1.85,-0.442,59.35369167,1217,10.04295,6.13107,20.71,19.62
20110214,0.176143081,239.271,1358.39,1355.86,294.084,26.135,3.125,-1.014,60.41061364,1340,29.26559,5.18253,20.81,19.57
20110215,0.2168985,294.084,1355.86,1353.25,296.969,25.121,3.209,2.216,60.84768636,1337,36.97645,5.2226,19.52,18.51
20110216,0.219448735,296.969,1353.25,1350.56,242.747,27.337,2.271,1.809,61.16908182,1197,29.31019,6.086,21.92,20.59
20110217,0.179738035,242.747,1350.56,1347.79,270.899,29.146,2.033,0.058,59.91098182,1205,25.92028,6.50237,23.91,22.17
20110218,0.200994962,270.899,1347.79,1344.94,267.107,29.204,1.99,-0.125,60.40417273,1241,21.04928,6.39564,23.96,22.88
20110219,0.198601425,267.107,1344.94,1342.01,261.278,29.079,1.891,-0.321,61.8220375,1209,23.34177,6.48851,24,23.01
20110220,0.194691545,261.278,1342.01,1339,230.177,28.758,1.693,-2.048,67.9322625,1210,27.64394,6.7401,23.36,22.31
20110221,0.171902166,230.177,1339,1335.91,197.704,26.71,1.038,-1.164,74.4535875,100,20.22248,6.553,23.95,23.23
20110222,0.147992005,197.704,1335.91,1332.74,153.01,25.546,1.445,-0.077,62.454175,417,21.04335,6.65422,22.19,21.86
20110223,0.11480859,153.01,1332.74,1329.49,99.591,25.469,2.345,1.042,67.78803,241,28.39159,6.51198,21.37,21.17
20110224,0.074909176,99.591,1329.49,1326.01,212.496,26.511,1.765,-0.931,73.8801,1235,22.71096,6.46847,21.3,20.99
20110226,0.132534228,175.307,1322.73,1319.23,176.224,25.365,2.535,-1.321,65.8296,769,26.70712,5.78968,19.71,19.22
20110428,0.190116238,190.217,1000.53,994.81,154.978,21.57,1.748,1.265,66.4917,746,17.37774,4.464,16.33,14.97
20110429,0.155786532,154.978,994.81,989.13,169.19,22.835,1.881,-1.86,78.51581364,760,17.82067,4.933,17.69,16.95
20110430,0.171049306,169.19,989.13,983.5,72.885,20.975,1.817,-4.842,79.107335,641,26.83885,5.092,19.42,18.64
20110501,0.074107778,72.885,983.5,977.92,108.187,16.133,2.238,-2.591,82.287315,471,35.88087,3.364,17.65,14.08
20110502,0.110629704,108.187,977.92,973.16,80.699,13.542,2.095,1.06,73.827445,415,30.36428,2.84,11.75,11.19
20110503,0.082924699,80.699,973.16,966.93,160.191,14.602,1.956,0.904,67.38788889,806,10.77617,2.759,8.75,8.33
20110504,0.165669697,160.191,966.93,961.53,181.446,15.506,1.464,2.617,68.19353889,808,6.52917,2.943,9.65,8.98
20110505,0.188705501,181.446,961.53,956.19,179.502,18.123,1.856,1.881,67.02766667,793,11.11487,3.126,11.25,9.98
20110506,0.187726289,179.502,956.19,950.92,177.29,20.004,1.319,0.217,66.84957778,781,8.14427,3.695,13.65,13.06
20110507,0.1864405,177.29,950.92,945.7,174.289,20.221,1.725,1.529,78.647115,762,11.26391,4.164,13.35,12.72
20110508,0.184296288,174.289,945.7,940.6,63.587,21.75,1.602,-0.838,70.198965,249,14.82942,4.908,17.7,17.34
20110509,0.067602594,63.587,940.6,935.54,124.495,20.912,2.287,-0.995,77.878775,661,23.08618,4.592,17.26,16.03
20110510,0.133072878,124.495,935.54,930.57,51.854,19.917,3.066,4.462,73.62853,413,11.83964,5.506,16.24,15.92
20110511,0.055722837,51.854,930.57,925.67,81.003,24.379,1.853,-0.667,74.188115,528,25.2706,6.008,19.95,19.53
20110512,0.087507427,81.003,925.67,920.86,71.754,23.712,1.923,-3.358,76.4147,530,18.71372,5.583,19.85,19.19
20110513,0.077920639,71.754,920.86,916.14,162.525,20.354,2.686,-3.064,78.36844375,633,31.82686,4.585,17.95,17.11
20110514,0.177401925,162.525,916.14,911.49,48.304,17.29,2.913,-1.169,78.029205,110,30.44299,3.875,15.35,14.56
20110515,0.052994547,48.304,911.49,906.94,98.03,16.121,2.675,-0.161,73.521465,453,31.22437,3.421,12.35,11.85
20110516,0.108088738,98.03,906.94,902.49,139.225,15.96,2.732,0.257,74.339525,717,33.03894,3.463,12.05,11.15
20110517,0.154267637,139.225,902.49,898.13,144.899,16.217,2.022,1.139,66.594781,716,25.65409,3.489,11.55,10.55
20110518,0.161334105,144.899,898.13,893.87,111.12,17.356,1.703,1.817,70.574985,266,14.38692,3.803,13.25,12.45
20110519,0.124313379,111.12,893.87,889.7,139.239,19.173,1.579,-0.706,66.51429444,689,11.06199,3.838,13.35,12.75
20110520,0.156501068,139.239,889.7,885.64,158.956,18.467,2.097,0.535,66.79088889,702,25.27058,3.542,14.15,12.65
20110521,0.179481505,158.956,885.64,881.67,157.888,19.002,1.979,3.794,61.489445,691,23.35127,3.888,13.55,12.55
20110522,0.17907834,157.888,881.67,877.82,135.576,22.796,2.545,0.569,73.40384,181,32.94045,4.553,16.85,16.52
20110523,0.154446242,135.576,877.82,874.07,50.328,23.365,1.595,-1.394,79.437915,271,13.4657,5.323,17.45,17.13
20110524,0.057578912,50.328,874.07,870.43,98.54,21.971,2.085,-1.579,76.75513,256,24.68703,5.472,19.25,18.57
20110525,0.113208414,98.54,870.43,866.89,89.522,20.392,2.263,-4.659,81.62858571,486,39.17602,4.51341,21.35,20.25
20110526,0.103268004,89.522,866.89,863.48,73.797,15.733,1.747,-1.798,81.46762222,191,19.70905,3.419,14.85,14.15
20110527,0.085464631,73.797,863.48,860.17,123.011,13.935,2.162,-0.504,68.5523,681,28.70088,3.129,11.05,10.05
20110528,0.143007778,123.011,860.17,856.98,153.064,13.431,2.764,-0.058,70.68215,688,35.57034,2.905,9.75,9.05
20110529,0.178608602,153.064,856.98,853.91,152.667,13.373,2.316,2.333,68.59175625,683,25.9792,2.846,9.75,8.65
20110530,0.178785821,152.667,853.91,850.96,147.317,15.706,1.637,2.354,71.04813333,513,12.8767,3.096,9.75,8.95
20110531,0.173118595,147.317,850.96,848.12,88.966,18.06,1.243,-2.587,74.58640625,174,6.578305,3.382,14.45,13.1
20110601,0.104897892,88.966,848.12,845.41,144.911,15.473,1.69,0.923,78.59197222,570,6.04415,3.357,11.35,10.55
20110602,0.171409139,144.911,845.41,842.82,109.203,16.396,1.551,0.714,69.236175,130,9.79617,3.74,11.75,11.15
20110603,0.129568591,109.203,842.82,840.35,73.014,17.11,1.517,-7.097,76.20201875,275,16.29381,4.113,16.45,15.32
20110604,0.086885226,73.014,840.35,838,132.075,10.013,2.852,-0.786,73.829825,673,31.21265,2.409,12.55,10.52
20110605,0.157607399,132.075,838,835.78,151.574,9.227,1.934,6.158,71.4663375,681,15.42807,1.953386,4.75,3.68
20110606,0.181356338,151.574,835.78,833.69,136.614,15.385,2.674,-1.635,95.12257222,543,27.41308,3.383,8.45,7.85
20110607,0.163866665,136.614,833.69,831.72,50.868,13.75,2.082,-2.558,91.51910556,134,26.66883,3.104,14.15,13.25
20110608,0.061160006,50.868,831.72,829.89,72.519,11.192,1.612,0.248,80.74975,411,8.470356,2.8,10.75,10.35
20110609,0.08738387,72.519,829.89,828.18,139.312,11.44,1.843,2.089,73.3285125,629,8.11174,2.773,10.25,8.46
20110610,0.168214639,139.312,828.18,826.6,141.151,13.529,1.285,1.619,66.25874375,634,4.499384,2.644,8.25,7.54
20110611,0.170760948,141.151,826.6,825.15,144.168,15.148,2.098,2.625,65.072925,643,19.62838,2.888,9.85,8.95
20110612,0.174717324,144.168,825.15,823.82,139.927,17.773,2.376,-0.902,73.79105556,629,30.42823,3.565,11.25,10.75
20110613,0.169851424,139.927,823.82,822.5,112.556,16.871,2.709,-1.644,76.28957222,534,25.02181,3.722,15.25,14.65
20110614,0.136846201,112.556,822.5,821.25,120.659,15.227,2.467,4.108,66.08641875,409,30.04255,3.442,12.25,10.95
20110615,0.146921157,120.659,821.25,820.19,138.661,19.335,2.703,1.759,59.8039625,621,48.89841,4.025,16.35,15.65
20110616,0.169059608,138.661,820.19,819.26,136.594,21.094,3.102,-0.321,69.12542222,605,49.18224,4.31,16.35,16.05
20110617,0.166728511,136.594,819.26,818.46,30.6,20.773,2.645,1.937,69.95675,291,32.15553,5.061,20.45,18.75
20110618,0.037387288,30.6,818.46,817.8,109.621,22.71,2.239,2.24,62.57036667,286,24.75097,5.338,18.45,17.25
20110619,0.134043776,109.621,817.8,817.27,106.52,24.95,3.359,-2.1,62.01320278,483,49.51127,5.374,21.45,20.75
20110620,0.130336364,106.52,817.27,816.87,65.42,22.85,2.129,-0.995,81.87638571,189,31.9621,5.508,23.35,21.95
20110621,0.080086183,65.42,816.87,816.61,24.842,21.855,2.382,-2.601,72.29241111,51,21.92371,5.562,20.35,19.82
20110622,0.030420886,24.842,816.61,816.48,38.435,19.254,2.474,-4.406,60.478857,66,18.44213,5.676,19.85,19.36
20110623,0.047074025,38.435,816.48,816.48,23.549,14.848,2.449,-3.685,80.32986417,22,25.69323,4.305,19.35,17.95
20110624,0.028842103,23.549,816.48,816.63,98.863,11.163,1.703,0.468,83.79957222,160,16.95456,3.007,10.15,8.95
20110625,0.12106217,98.863,816.63,816.89,93.367,11.631,2.868,-4.227,80.98650625,538,29.55895,2.761,10.55,9.25
20110626,0.114295682,93.367,816.89,817.3,93.263,7.404,2.522,-1.514,75.8288625,541,31.0941,1.982,8.95,6.75
20110627,0.114111098,93.263,817.3,817.84,146.252,5.89,1.547,2.227,76.133525,662,15.95815,1.59,2.75,1.77
20110628,0.178827154,146.252,817.84,818.51,125.651,8.117,1.595,3.535,69.12835625,572,7.57433,1.713,3.05,2.18
20110629,0.153511869,125.651,818.51,819.31,131.664,11.652,2.083,1.088,81.14862143,566,17.90593,2.393,7.95,5.72
20110630,0.160701078,131.664,819.31,820.26,98.394,12.74,1.84,-2.044,72.43442222,296,27.82472,3.198,9.05,8.74
20110701,0.119954649,98.394,820.26,821.33,102.322,10.696,3.48,-2.469,90.7149625,188,40.77067,2.313,12.35,11.65
20110702,0.124580863,102.322,821.33,822.53,95.562,8.227,2.918,-2.058,73.09154375,209,30.68274,2.115,6.65,5.8
20110703,0.116180565,95.562,822.53,823.86,145.774,6.169,2.006,0.575,74.363725,652,25.0689,1.557045,4.25,3.47
20110704,0.176940257,145.774,823.86,825.32,139.084,6.744,1.175,0.821,75.3547,657,6.055643,1.567,3.59,2.6
20110705,0.168521301,139.084,825.32,826.92,144.689,7.565,1.457,1.841,71.2733125,655,5.626788,1.618,3.25,2.25
20110706,0.174973395,144.689,826.92,828.64,139.349,9.406,1.387,1.088,68.208,578,5.835181,1.951,4.77,3.87
20110707,0.16816591,139.349,828.64,830.49,145.528,10.494,1.192,0.541,65.57616875,567,4.756718,2.08,5.75,4.81
20110708,0.17523149,145.528,830.49,832.47,146.782,11.035,1.992,3.907,59.914425,663,11.18896,2.211,6.25,5.45
20110709,0.176321069,146.782,832.47,834.58,139.168,14.942,2.124,3.239,70.59845556,613,26.2585,2.879,8.65,7.85
20110710,0.166752139,139.168,834.58,836.81,40.442,18.181,2.018,-0.66,73.84614375,331,19.9317,4.545966,14.45,13.87
20110711,0.048328772,40.442,836.81,839.17,136.462,17.521,1.508,3.373,68.10917857,550,8.65684,4.55209,16.08,15.7
20110712,0.162615441,136.462,839.17,841.65,75.136,20.894,2.122,0.737,61.69448333,261,14.99121,5.254,17.46,16.69
20110713,0.089272263,75.136,841.65,844.26,52.474,21.631,2.067,1.721,72.35943889,106,19.00338,5.36354,18.65,18.41
20110714,0.062153839,52.474,844.26,846.98,83.749,23.352,2.549,0.742,48.56615625,118,34.50424,5.488,18.95,18.25
20110715,0.098879549,83.749,846.98,849.82,141.823,24.094,3.636,-3.484,75.43087778,548,57.0898,4.02,19.75,18.91
20110716,0.166885929,141.823,849.82,852.79,39,20.61,3.35,-4.125,76.8689,189,46.09882,4.386,20.95,20.18
20110717,0.045732244,39,852.79,855.87,29.491,16.485,3.54,0.777,82.88583333,104,39.9995,3.92245,16.55,14.58
20110718,0.034457336,29.491,855.87,859.06,114.243,17.262,2.073,-0.675,88.02381111,349,27.93783,4.029,15.16,13.97
20110719,0.132986055,114.243,859.06,862.37,75.191,16.587,1.406,-3.879,88.34505,255,14.79342,4.16,16.63,15.75
20110721,0.000507046,0.439,865.8,869.33,101.112,9.808,2.17,0.667,80.21704375,697,25.48823,2.423671,9.47,7.85
20110722,0.116310262,101.112,869.33,872.97,152.95,10.475,1.981,2.677,69.52685,713,9.66877,2.372,7.2,6.17
20110723,0.175206479,152.95,872.97,876.72,158.647,13.152,2.056,5.552,68.2559875,711,13.6715,3.004,7.53,6.89
20110724,0.180955151,158.647,876.72,880.58,153.76,18.704,2.335,3.746,58.50761875,689,30.04313,4.202,12.65,12.3
20110725,0.174612187,153.76,880.58,884.53,150.721,22.45,3.389,-4.219,59.8712625,678,52.8185,4.745,17.25,16.91
20110726,0.170396708,150.721,884.53,888.59,127.186,18.231,3.327,-0.558,72.91253889,671,36.06435,3.775,19.35,18.85
20110727,0.143132378,127.186,888.59,892.75,133.287,17.673,2.422,4.979,58.34175556,303,24.33071,4.152,11.65,11.09
20110728,0.149299356,133.287,892.75,897,108.541,22.652,2.798,-0.792,64.07280556,372,40.5019,4.69302,19.15,17.46
20110729,0.121004459,108.541,897,901.35,82.322,21.86,2.227,-7.508,87.72160556,330,19.59366,4.95624,19.75,19.02
20110730,0.091331891,82.322,901.35,905.8,104.172,14.352,4.175,-2.098,87.51033333,71,39.87873,3.302,16.45,15.34
20110731,0.11500552,104.172,905.8,910.33,104.173,12.254,4.125,0.675,44.045725,60,37.69525,2.567,11.95,11.02
20110801,0.114434326,104.173,910.33,914.95,12.333,12.929,3.534,-3.283,70.6458375,49,34.58763,2.856,10.75,10.32
20110802,0.013479425,12.333,914.95,919.65,29.944,9.646,4.084,5.051,68.06503125,101,41.98191,2.137,5.95,5.7
20110803,0.032560213,29.944,919.65,924.43,158.432,14.697,2.716,-5.357,65.49281111,769,27.45445,2.011,6.25,4.54
20110804,0.171383447,158.432,924.43,929.3,174.916,9.34,1.341,2.704,64.89633333,785,8.50393,1.863,5.75,4.82
20110805,0.188223394,174.916,929.3,934.24,170.842,12.044,1.932,5.202,59.66735,718,30.80948,2.383,5.75,4.92
20110806,0.182867357,170.842,934.24,939.26,170.275,17.246,2.426,7.048,53.14128889,761,21.10457,3.762,10.35,9.93
20110807,0.181286332,170.275,939.26,944.35,152.886,24.294,2.391,1.554,57.07019,742,28.57139,5.103,16.65,16.54
20110808,0.161895484,152.886,944.35,949.51,123.301,25.848,2.068,-5.789,67.8839,370,11.92411,5.845,22.25,21.79
20110809,0.129857505,123.301,949.51,954.73,131.411,20.059,2.809,-0.651,67.85818333,715,29.48709,4.88711,20.35,19.26
20110810,0.137642056,131.411,954.73,960.02,171.852,19.408,2.144,3.329,61.23375,783,31.17518,4.452,16.06,15.11
20110811,0.179008771,171.852,960.02,965.36,173.762,22.737,2.626,3.813,50.54295556,772,37.82814,5.137,17.72,17.1
20110812,0.1799971,173.762,965.36,970.77,175.39,26.55,3.376,-0.726,51.33878333,786,45.57411,5.25219,20.43,20.06
20110813,0.180671014,175.39,970.77,976.24,176.713,25.824,3.229,-8.11,78.14155,783,41.82738,5.268,22.75,21.89
20110814,0.18101389,176.713,976.24,981.75,98.055,17.714,4.201,5.364,70.132795,185,41.62252,3.812,17.85,15.76
20110815,0.099877769,98.055,981.75,987.32,150.854,23.078,2.373,2.935,41.25692,772,25.03461,5.08209,15.35,15.12
20110816,0.152791395,150.854,987.32,992.92,163.804,26.013,4.207,-9.759,75.22649,789,60.5757,4.403,21.11,20.14
20110817,0.164972002,163.804,992.92,998.57,144.787,16.254,2.804,2.367,82.72974091,825,36.96068,3.822,17.12,15
20110818,0.144994342,144.787,998.57,1004.27,82.864,18.621,2.738,-4.25,83.84293333,479,32.0726,5.204,15.65,15.35
20110819,0.082511675,82.864,1004.27,1009.99,40.438,14.371,3.373,-6.347,73.21924444,35,36.38344,3.529,17.25,16.78
20110820,0.04003802,40.438,1009.99,1015.76,176.208,8.024,2.058,-0.624,66.60358333,889,26.67851,1.812,6.55,5.21
20110821,0.173474049,176.208,1015.76,1021.55,199.53,7.4,2.472,0.35,78.122685,886,21.2538,1.706,4.65,3.53
20110822,0.195320836,199.53,1021.55,1027.38,144.464,7.75,2.186,4.275,78.051415,784,25.23188,1.927,4.15,3.41
20110823,0.140613989,144.464,1027.38,1033.22,168.26,12.025,1.512,2.032,71.69091,483,7.228092,2.603,5.65,5
20110824,0.162850119,168.26,1033.22,1039.09,201.516,14.057,2.158,3.02,67.02957,866,18.73776,3.087382,8.75,7.75
20110825,0.193935078,201.516,1039.09,1044.98,188.884,17.077,1.983,-0.477,63.62854,761,18.59066,3.45,14.64,13.27
20110826,0.180753699,188.884,1044.98,1050.87,197.075,16.6,3.218,8.896,47.9092,913,31.67559,3.545,11.3,10.35
20110827,0.18753509,197.075,1050.87,1056.79,188.651,25.496,3.918,-5.735,71.31404,874,54.11039,5.2341,16.86,16.03
20110828,0.178513233,188.651,1056.79,1062.71,165.109,19.761,3.087,-1.045,76.89186,463,26.66497,4.3,22.61,16.8
20110829,0.155365998,165.109,1062.71,1068.63,144.142,18.716,2.522,-1.692,63.688925,205,21.2408,4.452,16.11,15.74
20110830,0.134884853,144.142,1068.63,1074.54,194.832,17.024,3.071,-3.8,46.966605,884,32.17967,3.564,15.88,14.84
20110831,0.181316656,194.832,1074.54,1080.25,219.592,13.224,2.714,-0.645,53.529895,987,21.52128,2.159,10.69,9.26
20110901,0.203278871,219.592,1080.25,1085.96,218.503,12.579,2.537,4.295,50.891425,992,27.46008,2.273,7.8,6.57
20110902,0.201207227,218.503,1085.96,1091.65,220.382,16.874,2.785,5.085,44.395325,986,37.92105,2.932,10.25,8.86
20110903,0.201879723,220.382,1091.65,1097.34,215.854,21.959,3.538,4.983,37.63433,982,52.8858,3.378,15.46,14.68
20110904,0.196706581,215.854,1097.34,1103,209.402,26.942,4.023,-11.318,63.47520722,916,58.623,3.926,19.88,18.94
20110905,0.189847688,209.402,1103,1108.65,63.233,15.624,3.55,-2.71,55.15198,136,44.57098,3.688,21.95,19.03
20110906,0.057036035,63.233,1108.65,1114.28,212.593,12.914,3.431,2.052,74.31432917,1039,46.53441,2.111,10.05,9.5
20110907,0.190789568,212.593,1114.28,1119.88,133.012,14.966,2.823,2.649,79.83255909,753,31.98092,3.145,11.33,10.6
20110908,0.11877344,133.012,1119.88,1125.46,120.911,17.615,2.374,0.234,68.87172273,487,25.04157,3.653,15.19,14.29
20110909,0.107432516,120.911,1125.46,1131.16,179.866,17.849,1.589,1.688,68.17074,697,11.267704,3.716,13.65,12.34
20110910,0.15901022,179.866,1131.16,1136.69,190.201,19.537,1.883,-3.329,58.270415,755,12.63488,3.534089,13.2,12.51
20110911,0.167328823,190.201,1136.69,1142.18,221.845,16.208,2.587,2.457,45.77229,1062,27.15697,2.596,15.37,14.59
20110912,0.194229456,221.845,1142.18,1147.64,227.413,18.665,1.706,2.44,44.8277,1067,11.0224,2.338258,9.96,8.78
20110913,0.198157088,227.413,1147.64,1153.06,219.028,21.105,2.842,-2.159,61.197565,1057,24.55934,3.325,14.09,12.51
20110914,0.189953688,219.028,1153.06,1158.44,212.723,18.946,3.754,2.694,56.89276364,1051,42.13497,3.359108,16.45,14.35
20110915,0.183628846,212.723,1158.44,1163.77,156.206,21.64,2.478,3.956,56.01521818,1027,32.72447,4.017,17.25,16.55
20110916,0.134224116,156.206,1163.77,1169.07,157.408,25.596,2.68,-3.613,39.52767063,1004,42.66237,4.791,20.85,19.35
20110917,0.134643777,157.408,1169.07,1174.31,24.353,21.983,2.257,-2.87,83.15437778,531,40.58788,5.327,24.25,22.55
20110918,0.020738136,24.353,1174.31,1179.51,68.835,19.113,1.647,0.007,51.450475,205,21.73676,4.617,18.55,17.75
20110919,0.05835898,68.835,1179.51,1184.66,24.223,19.12,2.102,-2.633,77.34245,204,22.10714,4.234,16.65,16.05
20110920,0.020447217,24.223,1184.66,1189.75,117.108,16.487,2.072,1.552,63.824085,1033,19.90158,3.516,12.85,11.55
20110921,0.098430763,117.108,1189.75,1194.8,245.126,18.039,1.767,2.178,55.943045,1125,8.03351,3.153,12.05,10.65
20110922,0.205160696,245.126,1194.8,1199.79,248.116,20.217,1.891,-1.772,71.81520455,1138,14.73351,3.33,12.65,11.55
20110923,0.206799523,248.116,1199.79,1204.72,207.653,18.445,2.598,-1.635,72.78927,977,26.58564,3.816,16.05,15.85
20110924,0.172366193,207.653,1204.72,1209.59,137.378,16.81,2.272,3.612,63.94171818,652,22.24138,3.525,12.95,11.64
20110925,0.113574021,137.378,1209.59,1214.41,245.646,20.422,2.238,2.329,56.841125,1133,25.17059,3.926,12.45,11.73
20110926,0.202276002,245.646,1214.41,1219.17,241.605,22.751,1.826,-0.111,53.08133889,1115,13.35875,4.257,16.65,15.07
20110927,0.198171707,241.605,1219.17,1223.86,261.993,22.64,2.579,1.847,53.03392273,1151,26.77266,4.21,17.68,16.08
20110928,0.214071054,261.993,1223.86,1228.49,255.244,24.487,2.688,3.78,42.15543182,1153,27.92356,4.196,18.48,16.62
20110929,0.207770515,255.244,1228.49,1233.06,244.075,28.267,2.861,-2.308,64.57665,1162,33.38565,4.191037,20.27,19.01
20110930,0.197942517,244.075,1233.06,1237.57,164.775,25.959,3.147,-5.247,54.91955125,723,18.79108,4.76001,23.67,22
20111001,0.133143984,164.775,1237.57,1242,41.741,20.712,3.093,0.055,68.40756,181,18.175376,5.433,24.65,21.79
20111002,0.03360789,41.741,1242,1246.37,217.587,20.767,1.813,-3.408,62.416365,1012,17.207863,4.808,16.54,15.98
20111003,0.17457657,217.587,1246.37,1250.67,268.082,17.359,2.965,-2.262,77.30296538,1222,36.12462,2.845,16.23,14.95
20111004,0.214350708,268.082,1250.67,1254.91,54.351,15.097,2.972,5.88,70.86321818,1055,28.71483,3.5,12.97,11.78
20111005,0.043310676,54.351,1254.91,1259.26,257.443,20.977,2.298,5.377,60.47797727,1157,17.84735,4.863,18.92,16.52
20111006,0.204439909,257.443,1259.26,1263.36,261.094,26.354,2.242,1.267,50.47233182,1196,31.21541,4.726,17.28,16.43
20111007,0.20666635,261.094,1263.36,1267.38,254.172,27.621,3.855,-5.729,60.26302308,1057,47.8014,4.889,22.25,21.07
20111008,0.200549164,254.172,1267.38,1271.34,44.341,21.892,2.533,0.382,77.59561923,396,30.67752,5.997,23.27,20.61
20111009,0.034877373,44.341,1271.34,1275.23,187.449,22.274,2.015,-2.694,74.21231,978,22.10817,5.079,20.12,19.9
20111010,0.146992307,187.449,1275.23,1279.04,285.09,19.58,1.762,1.877,69.16172,1259,16.01439,3.705,15.33,13.5
20111011,0.222893733,285.09,1279.04,1282.78,283.638,21.457,2.541,-0.472,58.72385385,1262,22.82589,3.983,14.35,13.28
20111012,0.22111196,283.638,1282.78,1286.62,44.579,20.985,2.294,1.79,73.42533333,203,34.80885,5.451,17.05,16.15
20111013,0.034648148,44.579,1286.62,1290.22,110.392,22.775,2.063,-1.18,68.2194625,660,19.39481,6.076,19.65,19.15
20111014,0.085560602,110.392,1290.22,1293.76,178.078,21.595,2.098,-0.471,71.25989091,889,22.35426,4.947,19.55,17.52
20111015,0.137643767,178.078,1293.76,1297.21,248.658,21.124,2.525,0.051,58.06862,1129,20.55698,4.302,16.55,15.68
20111016,0.191686774,248.658,1297.21,1300.6,302.607,21.175,2.468,1.623,52.396355,1296,18.73354,3.706,15.58,14.2
20111017,0.232667231,302.607,1300.6,1303.91,299.098,22.798,2.538,-0.067,61.316655,1298,24.11751,3.81,15.36,14.15
20111018,0.229385464,299.098,1303.91,1307.16,292.684,22.731,2.687,-0.5,63.028195,1286,32.75935,4.173,17.92,16.25
20111019,0.22390832,292.684,1307.16,1310.34,290.344,22.231,2.254,0.122,62.224265,1286,21.35986,4.018405,16.67,15.21
20111020,0.221579132,290.344,1310.34,1313.45,303.702,22.353,2.299,2.196,56.68879583,1230,27.41378,4.143,17.53,16.07
20111021,0.231224637,303.702,1313.45,1316.48,284.353,24.549,2.523,2.182,52.698295,1168,25.60771,4.171,17.77,16.82
20111022,0.215994926,284.353,1316.48,1322.05,296.898,26.731,2.092,-0.072,52.671345,1291,17.11688,4.286,20.03,18.5
20111023,0.224573957,296.898,1322.05,1322.36,267.594,26.659,2.669,-4.375,34.81527591,1003,29.19309,4.97438,22,21.22
20111024,0.20236093,267.594,1322.36,1325.19,12.978,22.284,2.105,-1.182,68.91598846,562,21.37464,5.737,20.85,19.46
20111025,0.009793313,12.978,1325.19,1327.96,141.353,21.102,2.227,-1.733,73.03160455,1166,33.04025,5.048,19.99,19.15
20111026,0.106443718,141.353,1327.96,1330.67,271.776,19.369,1.896,0.247,62.723735,1169,20.12944,3.95,15.91,15.52
20111027,0.204239969,271.776,1330.67,1333.32,317.98,19.616,1.318,2.823,56.27375,1347,12.09844,3.24335,13.17,12.2
20111028,0.238487385,317.98,1333.32,1335.9,301.416,22.439,2.07,-1.403,46.44753462,1336,20.7735,3.591,14.04,12.81
20111029,0.225627667,301.416,1335.9,1338.41,19.218,21.036,2.034,-2.171,70.844505,91,37.03032,4.66,19.97,17.55
20111030,0.014358829,19.218,1338.41,1340.87,325,18.865,3.036,-0.866,63.076905,1397,40.46802,3.518,16.35,14.45
20111031,0.242379947,325,1340.87,1343.26,331.002,17.999,2.957,2.142,64.06673,1398,34.22581,3.259032,13.29,11.82
20111101,0.246416926,331.002,1343.26,1345.6,328.932,20.141,2.713,1.962,57.31481364,1396,36.68655,3.61,13.46,12.45
20111102,0.244450059,328.932,1345.6,1347.88,319.865,22.103,2.25,0.939,54.684865,1371,31.77485,3.833,17.09,15.64
20111103,0.237309701,319.865,1347.88,1350.1,329.355,23.042,2.112,2.053,53.217295,1388,23.17625,3.558517,15.46,13.97
20111104,0.243948596,329.355,1350.1,1352.26,329.929,25.095,2.201,-2.035,67.67319231,1390,21.7517,4.05,17.69,16.15
20111105,0.243983406,329.929,1352.26,1354.37,51.664,23.06,1.69,3.032,62.047285,915,14.70844,5.09854,19.93,18.81
20111106,0.038146149,51.664,1354.37,1356.42,330.947,26.092,1.651,0.543,62.700655,790,17.30953,5.14205,19.13,18.29
20111107,0.243985639,330.947,1356.42,1358.41,326.051,26.635,1.663,1.276,56.75267,1371,23.01324,5.15002,20.76,18.79
20111108,0.240023999,326.051,1358.41,1360.37,324.068,27.911,2.311,2.22,54.16540455,1367,21.41521,5.29136,21,19.57
20111109,0.238220484,324.068,1360.37,1362.26,269.382,30.131,2.981,-6.293,63.97221667,1270,42.24776,5.51825,24.15,23.62
20111110,0.197746392,269.382,1362.26,1364.09,170.213,23.838,2.181,-1.157,65.79673,389,30.12277,5.64108,25.84,21.65
20111111,0.124781356,170.213,1364.09,1365.89,343.038,22.681,2.575,0.888,65.87700769,1396,32.91307,4.141422,16.96,15.28
20111112,0.251146139,343.038,1365.89,1367.64,191.306,23.569,2.483,-1.223,76.99906154,1037,31.43683,4.815,20.01,18.26
20111113,0.139880378,191.306,1367.64,1369.33,100.306,22.346,2.1,-0.188,60.83123731,579,18.878991,5.3,21.37,20.31
20111114,0.073251882,100.306,1369.33,1370.98,96.189,22.158,2.029,0.154,66.8098185,741,26.49308,5.72114,19.22,18.56
20111115,0.070160761,96.189,1370.98,1372.58,300.3,22.312,2.83,-1.148,65.18661667,1396,36.05626,4.30115,18.65,17.44
20111116,0.218785062,300.3,1372.58,1374.14,358.703,21.164,2.633,2.8,54.771095,1472,31.64377,3.669,15.66,14.15
20111117,0.261038177,358.703,1374.14,1375.66,354.38,23.964,1.987,1.962,53.95454545,1453,14.68026,3.654,16.54,15.25
20111118,0.257607258,354.38,1375.66,1377.12,276.412,25.926,1.756,1.747,55.483485,1228,15.66105,4.54219,18.02,16.61
20111119,0.200717439,276.412,1377.12,1378.56,348.151,27.673,2.282,-5.996,41.89712778,1407,24.39369,4.512,21.35,19.39
20111120,0.25254686,348.151,1378.56,1379.95,51.123,21.677,2.245,0.393,41.06325385,64,26.65195,4.93677,23.24,22.15
20111121,0.037046994,51.123,1379.95,1381.29,55.077,22.07,2.074,1.786,68.61166364,263,34.46279,5.00236,16.37,15.89
20111122,0.039873596,55.077,1381.29,1382.59,206.462,23.856,2.372,-0.211,64.91706667,590,29.5463,4.8872,16.47,15.63
20111123,0.149329881,206.462,1382.59,1383.86,365.69,23.645,1.891,1.049,59.038155,1462,13.96958,4.48388,16.78,15.46
20111124,0.264253609,365.69,1383.86,1385.09,358.757,24.694,1.601,1.661,53.376355,1386,9.14827,4.480365,17.49,16.13
20111125,0.259013494,358.757,1385.09,1386.28,362.743,26.355,1.553,1.112,49.49574,1476,8.105,4.56658,18.3,16.9
20111126,0.261666474,362.743,1386.28,1387.44,354.846,27.467,1.943,1.01,49.112835,1453,14.16034,4.799,19.79,18.3
20111127,0.255755925,354.846,1387.44,1388.56,348.118,28.477,1.723,1.433,47.01787727,1422,22.4545,4.80902,20.91,19.81
20111128,0.250704327,348.118,1388.56,1389.64,328.284,29.91,1.897,0.715,44.61547083,1420,12.93987,4.832,22.58,21.36
20111129,0.236236723,328.284,1389.64,1390.69,279.569,30.625,1.573,-5.976,61.74284615,1440,8.08543,4.68733,24.19,22.71
20111130,0.201028986,279.569,1390.69,1391.7,209.161,24.649,2.41,-7.358,55.14110455,950,22.86444,4.98,24.32,22.97
20111201,0.15029173,209.161,1391.7,1392.69,344.263,17.291,2.095,2.721,49.59167727,1520,22.25566,2.692596,15.17,13.09
20111202,0.247192843,344.263,1392.69,1393.63,341.788,20.012,2.139,2.244,48.63153636,1512,19.38368,3.081,13.03,11.57
20111203,0.245250174,341.788,1393.63,1394.54,335.692,22.256,1.913,2.744,50.94315833,1460,16.77734,3.50442,15.75,14.13
20111204,0.240718803,335.692,1394.54,1395.43,329.369,25,1.847,-1.55,60.196525,1480,21.75493,4.13103,18.73,17.56
20111205,0.236034054,329.369,1395.43,1396.28,264.621,23.45,1.859,1.181,67.6626,520,23.98015,4.78809,22.64,20.23
20111206,0.189518578,264.621,1396.28,1397.09,273.93,24.631,1.144,1.123,65.47316667,960,5.504982,5.655,20.04,19.35
20111207,0.196071835,273.93,1397.09,1397.88,267.872,25.754,1.574,-1.896,71.10811923,1210,15.44126,6.0773,21.04,20.28
20111208,0.191627321,267.872,1397.88,1398.63,256.444,23.858,1.848,-0.198,61.62503636,946,32.57807,5.65834,21.19,19.39
20111209,0.18335371,256.444,1398.63,1399.35,334.501,23.66,2.691,-0.52,57.88282727,1445,33.26785,4.761,19.78,18.42
20111210,0.239040269,334.501,1399.35,1400.04,340.862,23.14,2.528,1.604,50.41661818,1500,24.01424,4.56957,18.59,17.14
20111211,0.243465901,340.862,1400.04,1400.69,339.614,24.744,1.848,0.804,49.10497083,1504,9.06714,4.198771,18.16,16.95
20111212,0.242461929,339.614,1400.69,1401.32,320.728,25.548,1.675,-3.415,51.15781667,1480,7.067372,4.436986,20.2,18.61
20111213,0.228875632,320.728,1401.32,1401.91,312.696,22.133,2.155,-1.306,55.64782917,1490,25.68467,2.986,21.27,18.46
20111214,0.223049982,312.696,1401.91,1402.47,255.328,20.827,1.928,-0.064,59.23734167,1290,14.26449,3.812231,16.85,14.65
20111215,0.182055944,255.328,1402.47,1403.01,249.694,20.763,1.643,0.754,65.25256154,1480,13.58092,3.96572,15.18,14.29
20111216,0.177970221,249.694,1403.01,1403.51,252.181,21.517,1.722,0.393,62.2755875,1470,16.33747,4.425976,17.7,16.47
20111217,0.179678805,252.181,1403.51,1403.97,299.251,21.91,1.97,1.069,49.56883077,1470,19.07464,4.26839,17.97,16.44
20111218,0.213146292,299.251,1403.97,1404.41,327.066,22.979,1.781,3.056,42.08705,1520,13.4157,3.325323,18.2,16.43
20111219,0.232884984,327.066,1404.41,1404.81,318.026,26.035,2.298,3.359,35.02771923,1514,19.67618,3.385022,19.09,17.65
20111220,0.226383639,318.026,1404.81,1405.18,293.705,29.394,2.523,0.496,35.81057083,1478,14.76868,3.455,22.15,20.53
20111221,0.209015927,293.705,1405.18,1405.51,329.354,29.89,1.959,-4.225,61.1775125,1490,11.51709,3.785879,25.06,22.44
20111222,0.234330599,329.354,1405.51,1405.82,302.648,25.665,3.762,-3.423,79.07056667,1270,25.05461,3.81945,25.93,23.77
20111223,0.215282184,302.648,1405.82,1406.1,276.124,22.242,3.548,-1.882,83.26826875,1120,28.51708,5.12478,27.13,25.57
20111224,0.196375791,276.124,1406.1,1406.34,142.583,20.36,3.707,0.702,76.08295769,102,38.41413,5.157862,22.17,21.41
20111225,0.101385867,142.583,1406.34,1406.54,259.56,21.062,3.154,2.482,73.02178462,831,34.21397,4.71955,17.39,17.04
20111226,0.184537944,259.56,1406.54,1406.63,252.181,23.544,1.589,2.371,66.8099375,1226,17.0866,5.63084,18.33,17.36
20111227,0.179280266,252.181,1406.63,1406.44,274.055,25.915,1.799,-1.334,58.52024167,1427,18.46738,6.30097,22.13,20.87
20111228,0.194857228,274.055,1406.44,1406.95,338.395,24.581,3.176,-1.177,59.7233875,1493,35.35641,4.92765,22.85,21.32
20111229,0.240516721,338.395,1406.95,1407.02,339.523,23.404,2.342,2.002,49.92989167,1502,32.11831,4.526484,21.14,19.07
20111230,0.241306449,339.523,1407.02,1407.05,312.623,25.406,1.902,-0.31,54.45005385,1370,20.86355,4.595731,20.38,19.41
20111231,0.222183291,312.623,1407.05,1407.04,331.522,25.096,1.904,-2.398,51.55874231,1430,21.34499,4.617045,21.81,19.93
20120101,0.235616614,331.522,1407.04,1407.02,268.703,22.698,2.658,1.383,49.0988875,1120,21.67999,4.866,20.31,18.82
20120102,0.19097312,268.703,1407.02,1406.94,316.699,24.081,2.773,1.69,38.56418333,1490,31.4923,4.438,21.27,19.44
20120103,0.22509773,316.699,1406.94,1406.82,341.891,25.771,1.724,-0.502,41.69420909,1500,8.92279,3.86414,19.4,18.11
20120104,0.243023983,341.891,1406.82,1406.66,337.588,25.269,2.399,-1.673,40.63692917,1462,21.39373,3.941309,23.07,21.81
20120105,0.239992607,337.588,1406.66,1406.46,339.608,23.596,2.756,1.029,41.31075417,1500,30.9791,3.830451,20.25,18.48
20120106,0.241462964,339.608,1406.46,1406.22,338.25,24.625,2.709,1.767,37.40546667,1508,24.72622,3.686505,20.77,18.97
20120107,0.240538465,338.25,1406.22,1405.94,339.244,26.392,3.139,1.816,44.82151154,1520,35.8151,3.604,21.95,20.4
20120108,0.24129337,339.244,1405.94,1405.61,275.38,28.208,2.825,-1.529,52.61792083,674,23.96552,4.68903,23.74,22.83
20120109,0.195914941,275.38,1405.61,1405.25,312.507,26.679,2.661,2.14,50.53146154,1013,29.95539,4.79907,25.69,23.7
20120110,0.222385341,312.507,1405.25,1404.84,288.014,28.819,2.157,0.029,50.33085385,1139,23.88945,4.11865,25.83,24.79
20120111,0.205015518,288.014,1404.84,1404.39,265.377,28.848,2.571,-3.452,69.83789231,560,28.331566,4.356401,28.45,26.94
20120112,0.188962468,265.377,1404.39,1403.89,164.866,25.396,2.657,-1.596,78.49944231,620,20.81661,5.7812,27.04,24.29
20120113,0.117435127,164.866,1403.89,1403.34,174.558,23.8,3.131,-0.933,64.35499583,1050,35.90033,5.59434,23.71,22.38
20120114,0.124387533,174.558,1403.34,1402.75,290.677,22.867,2.398,0.791,53.5577,1456,31.47503,4.3666,19.55,18.45
20120115,0.20721939,290.677,1402.75,1402.11,305.689,23.658,1.79,1.813,45.80052083,1337,18.01884,4.51497,18.96,17.54
20120116,0.218020697,305.689,1402.11,1401.42,332.54,25.471,2.032,1.202,41.7513875,1463,22.69908,4.226529,21.12,19.42
20120117,0.237287894,332.54,1401.42,1400.69,335.253,26.673,2.37,0.902,46.6315,1497,26.3469,3.81702,21.54,19.61
20120118,0.239348464,335.253,1400.69,1399.9,324.366,27.575,2.051,0.94,46.48698462,1463,30.73629,4.547531,24.46,22.55
20120119,0.23170655,324.366,1399.9,1399.06,285.264,28.515,2.366,-3.569,63.42452692,1240,30.38023,4.482095,25.11,23.32
20120120,0.203896902,285.264,1399.06,1398.17,253.617,24.946,1.942,1.008,59.18431154,990,29.40135,4.98414,25.92,24.99
20120121,0.181392105,253.617,1398.17,1397.23,279.033,25.954,2.28,-0.564,70.31728846,1114,22.47182,5.115,26.02,24.49
20120122,0.199704415,279.033,1397.23,1396.23,245.412,25.39,1.703,1.914,61.74159545,880,12.35631,6.16883,26,25.28
20120123,0.175767603,245.412,1396.23,1395.17,295.803,27.304,2.003,-2.125,76.26040714,875,12.21236,5.5767,25.48,23.87
20120124,0.212019324,295.803,1395.17,1394.06,129.242,25.179,1.767,-0.16,58.84388077,769,24.80536,5.713,27.53,25.86
20120125,0.092709066,129.242,1394.06,1392.89,296.086,25.019,2.573,-1.646,53.17148077,1454,37.95258,4.136494,22.02,21.43
20120126,0.21256955,296.086,1392.89,1391.67,332.345,23.373,2.915,0.239,54.49510385,1445,35.1032,3.616382,22.33,20.62
20120127,0.238810206,332.345,1391.67,1390.38,332.453,23.612,2.359,2.892,50.82211923,1441,30.77481,3.752293,20.03,18.88
20120128,0.239109452,332.453,1390.38,1389.04,281.201,26.504,2.028,2.061,42.86243077,1434,19.76152,3.866274,22.32,20.64
20120129,0.202442694,281.201,1389.04,1387.63,319.356,28.565,1.833,0.829,40.11747692,1420,20.372711,3.931366,24.39,22.72
20120130,0.230144923,319.356,1387.63,1386.16,300.625,29.394,2.042,-0.092,44.94558929,1369,24.63676,3.759384,24.77,22.7
20120131,0.216876118,300.625,1386.16,1384.63,187.698,29.302,2.045,-1.419,58.5923,999,33.5059,4.148421,26.82,26.13
20120201,0.135558236,187.698,1384.63,1383.03,144.268,27.883,1.546,0.407,58.41151429,718,12.67768,5.18666,29.45,27.32
20120202,0.104312994,144.268,1383.03,1381.36,173.496,28.29,1.799,-1.082,68.33927143,1144,23.80146,5.69518,24.82,23.94
20120203,0.125597961,173.496,1381.36,1379.62,172.976,27.208,2.25,1.809,60.18403462,704,36.34753,5.87507,26.79,26.26
20120204,0.125379452,172.976,1379.62,1377.82,200.688,29.017,2.115,1.568,49.83348571,1135,22.79348,6.46001,25.24,23
20120205,0.145656182,200.688,1377.82,1375.95,251.658,30.585,2.634,-0.839,53.54270417,1091,18.07066,5.8226,27.15,25.39
20120206,0.182897634,251.658,1375.95,1374.01,194.112,29.746,2.123,-2.529,69.79583462,866,17.359006,6.273,26.95,25.66
20120207,0.141274081,194.112,1374.01,1372,243.728,27.217,2.396,-0.411,62.87123214,999,13.31645,5.75411,27.11,25.86
20120208,0.177644315,243.728,1372,1369.92,168.588,26.806,1.937,-2.381,81.24052692,879,22.40119,5.67416,27.81,25.96
20120209,0.123064121,168.588,1369.92,1367.76,126.512,24.425,2.256,-0.79,63.36344231,362,28.06261,6.44927,23.58,22.56
20120210,0.092495759,126.512,1367.76,1365.53,302.445,23.635,2.465,-0.833,49.28115,1362,34.36011,4.377093,21.97,21
20120211,0.221485431,302.445,1365.53,1363.23,323.418,22.802,1.977,1.906,44.04609231,1410,12.58229,2.93845,18.2,16.35
20120212,0.237243899,323.418,1363.23,1360.85,321.187,24.708,1.894,2.157,41.74771538,1408,8.47114,2.667132,18.31,16.43
20120213,0.2360194,321.187,1360.85,1358.39,312.141,26.865,1.82,1.904,44.42635385,1396,10.98048,2.784085,20.01,18.37
20120214,0.229787469,312.141,1358.39,1355.86,254.399,28.769,1.955,-0.159,51.37744167,1064,24.9729,4.059507,24.33,23.59
20120215,0.187629254,254.399,1355.86,1353.25,220.697,28.61,2.101,0.565,51.514475,1147,31.61376,4.93556,26.51,25.73
20120216,0.163086643,220.697,1353.25,1350.56,205.909,29.175,1.923,0.671,45.08096538,1157,23.79481,5.37995,28.83,26.39
20120217,0.152461942,205.909,1350.56,1347.79,259.957,29.846,2.415,1.285,39.66617917,1008,23.42987,5.37633,27.07,25.65
20120218,0.192876487,259.957,1347.79,1344.94,289.391,31.131,2.671,0.396,39.00074167,1274,32.02445,5.514,25.6,24.78
20120219,0.215170193,289.391,1344.94,1342.01,278.536,31.527,2.499,-1.979,49.84129583,1257,28.68762,4.813,28.75,27.2
20120220,0.20755136,278.536,1342.01,1339,260.672,29.548,2.518,-5.792,58.72457308,1235,24.98244,4.92172,28.23,23.9
20120221,0.194676624,260.672,1339,1335.91,49.053,23.756,2.262,0.257,77.50658333,801,33.2843,5.66362,24.24,22.04
20120222,0.036718791,49.053,1335.91,1332.74,205.584,24.013,1.379,0.797,59.81190455,1044,20.68727,5.306,20.91,20.43
20120223,0.154256644,205.584,1332.74,1329.49,304.016,24.81,2.176,0.977,54.26186667,1304,14.84281,4.445,20.64,19.26
20120224,0.228671145,304.016,1329.49,1326.01,284.473,25.787,2.709,-1.05,65.33454545,1279,30.07526,4.022,22.3,20.83
20120225,0.214533073,284.473,1326.01,1322.73,106.015,24.737,1.397,1.053,71.55665455,709,18.36295,4.99419,24.13,22.43
20120226,0.080148632,106.015,1322.73,1319.23,252.168,25.79,1.568,0.362,58.03226364,1248,12.69302,5.29292,22.43,21.88
20120227,0.191147867,252.168,1319.23,1315.65,285.437,26.152,2.103,-0.287,65.61100455,1225,31.42885,3.835673,23.34,22.09
20120228,0.216955117,285.437,1315.65,1311.98,225.247,25.865,2.514,-0.74,67.1959375,870,24.70086,5.9563,26.8,24.28
20120229,0.171684782,225.247,1311.98,1308.23,138.558,25.125,3.066,-3.518,70.16541875,919,37.91758,6.799,23.49,22.39
20120301,0.105912569,138.558,1308.23,1304.4,121.398,21.607,2.324,0.158,75.45578182,809,24.15031,5.755457,26.12,22.55
20120302,0.093068077,121.398,1304.4,1300.49,189.215,21.765,1.214,2.333,65.54061818,958,15.45731,4.78711,17.14,16.27
20120303,0.14549516,189.215,1300.49,1296.49,293.031,24.098,1.419,2.004,54.09735,1249,11.23889,4.46774,18.38,17.1
20120304,0.226018712,293.031,1296.49,1292.42,288.275,26.102,1.543,2.208,51.05629583,1237,12.87769,4.63948,20.85,19.49
20120305,0.223050556,288.275,1292.42,1288.26,275.394,28.31,2.033,2.038,37.58640455,1181,33.40578,4.888,22.49,21.95
20120306,0.213772065,275.394,1288.26,1284.02,274.961,30.348,1.917,-0.767,41.9961375,1205,32.49173,4.8,26.42,24.63
20120307,0.214140745,274.961,1284.02,1279.71,266.836,29.581,1.676,-0.61,46.2061125,1193,21.25522,4.528,26.79,25.95
20120308,0.208512866,266.836,1279.71,1275.31,243.003,28.971,1.813,-0.998,50.90320909,1085,12.22709,4.801,26.48,24.57
20120309,0.19054426,243.003,1275.31,1270.84,272.101,27.973,2.069,0.706,47.53133333,1125,28.15144,5.16375,26.16,24.24
20120310,0.214111139,272.101,1270.84,1266.29,258.028,28.679,1.782,0.588,44.76093182,1178,19.18401,4.291,24.77,23.29
20120311,0.20376691,258.028,1266.29,1261.66,245.733,29.267,1.943,-0.021,43.75894091,1132,14.79194,3.853,28.16,25.81
20120312,0.194769589,245.733,1261.66,1256.96,260.076,29.246,2.18,-1.648,49.01789583,934,19.9313,4.102,25.71,23.92
20120313,0.206908732,260.076,1256.96,1252.18,210.037,27.598,2.495,-4.029,75.24722273,829,19.40167,4.22,25.84,24.29
20120314,0.167737067,210.037,1252.18,1247.34,147.171,23.569,2.019,-2.988,61.36445,357,20.09664,5.81319,24.93,21.2
20120315,0.117987878,147.171,1247.34,1242.42,271.808,20.581,2.422,0.292,56.06447727,1187,33.56721,3.061,20.55,18.4
20120316,0.21877304,271.808,1242.42,1237.43,269.057,20.873,2.318,4.031,57.25299583,1190,26.34917,2.982,16.42,14.51
20120317,0.217432097,269.057,1237.43,1232.37,235.831,24.904,1.94,1.5,54.82494,1003,26.02064,3.965,18.15,16.59
20120318,0.191363795,235.831,1232.37,1227.25,245.895,26.404,2.233,0.775,46.86630417,999,21.07264,3.983,22.91,21.44
20120319,0.200362599,245.895,1227.25,1222.07,240.208,27.179,1.956,-1.714,51.523625,893,21.34182,3.981,24.48,23.05
20120320,0.196558299,240.208,1222.07,1216.82,139.869,25.465,2.159,-3.205,77.33198333,785,25.14818,4.139,23.92,22.8
20120321,0.114946336,139.869,1216.82,1211.5,80.383,22.26,1.511,0.588,70.68887727,773,19.55132,5.63525,20.86,20.13
20120322,0.066349979,80.383,1211.5,1206.13,182.953,22.848,1.561,-3.348,64.58488636,766,11.86177,4.904,19.98,19.36
20120323,0.151685971,182.953,1206.13,1200.7,243.382,19.5,2.011,0.225,59.26414091,1106,24.26922,3.438,18.9,17.17
20120324,0.202700092,243.382,1200.7,1195.22,255.732,19.725,1.805,2.71,48.38640455,1104,13.19828,3.048,15.97,14.13
20120325,0.213962283,255.732,1195.22,1189.68,247.628,22.435,1.741,-2.695,74.88838333,1095,13.74114,2.907,16.65,15.31
20120326,0.208146729,247.628,1189.68,1184.1,58.955,19.74,1.89,-3.938,60.67624091,173,14.0492,3.496214,19.75,18.74
20120327,0.049788869,58.955,1184.1,1178.46,234.585,15.802,2.353,0.569,58.2027,1104,27.37115,2.532,16.05,14.32
20120328,0.199060638,234.585,1178.46,1172.78,245.776,16.371,1.275,2.735,44.31717273,1102,6.867964,1.744,9.75,8.38
20120329,0.209567012,245.776,1172.78,1167.05,241.031,19.106,1.456,1.906,39.30919091,1095,8.99222,1.738,11.45,10
20120330,0.20653014,241.031,1167.05,1161.28,234.466,21.012,1.991,0.305,41.74423182,1063,15.85196,2.291,15.15,14.27
20120331,0.201903072,234.466,1161.28,1155.48,234.607,21.317,1.929,3.231,40.26554545,1065,20.14149,2.573,16.25,14.43
20120401,0.203038564,234.607,1155.48,1149.64,190.58,24.548,1.663,1.681,43.17154545,1048,11.52675,2.66,17.25,15.64
20120402,0.165773633,190.58,1149.64,1143.77,200.796,26.229,1.659,-1.187,46.32429545,1015,12.51906,2.893415,19.87,18.03
20120403,0.175556274,200.796,1143.77,1137.86,133.055,25.042,1.717,1.571,46.68808636,703,18.91862,3.187,20.85,19.63
20120404,0.116934421,133.055,1137.86,1131.93,193.44,26.613,2.45,-5.969,50.083,850,18.15289,4.12,21.45,19.85
20120405,0.17089396,193.44,1131.93,1125.97,40.322,20.644,2.358,0.185,80.071645,717,38.40909,5.921,25.65,24.61
20120406,0.035810901,40.322,1125.97,1119.99,185.25,20.829,1.618,0.556,56.279715,885,18.56115,3.879,19.55,17.44
20120407,0.165403263,185.25,1119.99,1113.99,224.889,21.385,1.593,2.163,50.49971818,980,13.3224,3.258,16.45,15.25
20120408,0.201877037,224.889,1113.99,1107.98,203.19,23.548,2.293,0.3,60.86149545,937,19.27416,3.645,19.15,18.3
20120409,0.183387787,203.19,1107.98,1101.96,202.388,23.848,2.048,-1.431,66.72116667,622,24.31907,4.6,18.35,17.22
20120410,0.183661839,202.388,1101.96,1095.39,29.033,22.417,1.594,0.593,82.925185,65,25.28712,5.928,20.99,20.43
20120411,0.026504715,29.033,1095.39,1089.53,151.374,23.01,1.114,0.707,71.13901818,729,6.82733,5.899,19.65,19.18
20120412,0.138935137,151.374,1089.53,1083.65,177.71,23.717,1.327,0.118,73.317875,831,13.81278,5.807,20.95,20.14
20120413,0.163992064,177.71,1083.65,1077.77,129.567,23.835,1.583,-2.939,86.16104583,631,13.27846,6.277,21.45,20.59
20120414,0.120217672,129.567,1077.77,1071.74,64.827,20.896,1.996,-1.536,77.23363,586,25.99452,5.802,21.75,21.47
20120415,0.060487618,64.827,1071.74,1065.7,193.747,19.36,1.352,1.488,65.416925,915,18.41482,4.227,15.75,14.75
20120416,0.181802571,193.747,1065.7,1059.67,208.335,20.848,1.705,0.21,58.658935,908,12.86796,4.224,16.45,15.55
20120417,0.19660366,208.335,1059.67,1053.65,205.345,21.058,1.391,2.042,61.6925,900,7.638335,3.965,16.55,15.22
20120418,0.194889195,205.345,1053.65,1047.65,201.157,23.1,1.69,-3.469,58.09155556,806,15.16198,4.497636,17.55,16.4
20120419,0.192007827,201.157,1047.65,1041.66,52.862,19.631,2.67,0.794,72.64251111,60,24.90921,4.913,20.95,19.63
20120420,0.050747845,52.862,1041.66,1035.69,175.505,20.425,1.864,0.102,64.51088,638,21.65836,5.121,17.05,16.65
20120421,0.169457077,175.505,1035.69,1029.76,188.493,20.527,2.366,-4.9,64.54223,867,29.03899,4.549,17.85,16.82
20120422,0.183045564,188.493,1029.76,1023.85,198.582,15.627,2.385,-0.331,64.61936,876,32.01524,3.174,16.55,14.22
20120423,0.193956146,198.582,1023.85,1017.96,197.878,15.296,2.355,-0.434,63.93422,863,26.27953,2.92,11.85,10.58
20120424,0.194386813,197.878,1017.96,1012.11,181.58,14.862,2.535,-0.716,82.07640909,829,30.58787,2.615,11.85,10.6
20120425,0.179407377,181.58,1012.11,1006.31,92.761,14.146,1.994,1.412,82.07696875,587,27.47473,3.087,11.75,10.44
20120426,0.092179348,92.761,1006.31,1000.53,130.12,15.558,2.207,-2.475,76.61693889,725,28.2893,3.671,15.25,14.94
20120427,0.130051073,130.12,1000.53,994.81,192.679,13.083,2.094,-0.943,80.583695,854,28.17454,2.646,11.25,9.78
20120428,0.193684221,192.679,994.81,989.13,25.07,12.14,1.805,0.012,85.323645,58,31.08124,2.752,12.65,10.76
20120429,0.025345506,25.07,989.13,983.5,90.957,12.152,1.696,-1.015,75.18502,340,21.37325,2.751098,8.55,8.14
20120430,0.092482969,90.957,983.5,977.92,138.894,11.137,1.438,2.29,65.72409444,604,14.69727,2.295415,7.44,6.47
20120501,0.142030023,138.894,977.92,973.16,188.789,13.427,1.823,3.419,60.15643889,832,11.77765,2.142,6.95,5.91
20120502,0.193995849,188.789,973.16,966.93,184.301,16.846,2.067,2.383,58.62038889,810,19.88407,3.016,9.55,8.85
20120503,0.190604284,184.301,966.93,961.53,181.764,19.229,1.774,2.104,57.51083889,792,20.46734,3.49,13.35,12.35
20120504,0.189036224,181.764,961.53,956.19,177.111,21.333,1.7,0.515,59.126535,770,19.79383,3.97,14.85,14.15
20120505,0.18522574,177.111,956.19,950.92,165.049,21.848,1.72,0.494,56.55574444,654,8.23928,4.381,16.85,15.42
20120506,0.173567703,165.049,950.92,945.7,174.75,22.342,2.245,0.085,52.88037222,761,21.31974,4.127,17.05,16.05
20120507,0.184783758,174.75,945.7,940.6,173.774,22.427,2.084,0.992,54.64986,760,22.71965,3.749,17.15,16.17
20120508,0.184748033,173.774,940.6,935.54,169.103,23.419,1.774,0.173,53.326335,698,15.91879,4.193,18.05,16.45
20120509,0.180754431,169.103,935.54,930.57,167.131,23.592,2.171,0.466,54.23159,724,20.79523,4.215,18.15,16.75
20120510,0.179600675,167.131,930.57,925.67,149.755,24.058,2.087,-2.433,66.60145,699,18.87034,4.209,18.15,17.18
20120511,0.161780116,149.755,925.67,920.86,84.994,21.625,1.574,-6.496,52.60298333,699,12.44785,4.939,18.35,17.32
20120512,0.092298504,84.994,920.86,916.14,171.846,15.129,2.36,-1.914,58.90493889,764,27.79872,2.453,17.65,16.28
20120513,0.187576135,171.846,916.14,911.49,170.986,13.215,2.147,1.539,53.31613889,755,13.88338,2.179,8.45,7.74
20120514,0.187589551,170.986,911.49,906.94,168.367,14.754,2.632,3.542,58.16669,719,36.75211,2.237,9.25,8.27
20120515,0.185642931,168.367,906.94,902.49,156.627,18.296,2.15,-0.188,68.9418875,704,30.03734,3.306,11.75,10.89
20120516,0.173549845,156.627,902.49,898.13,148.219,18.108,1.906,1.086,67.69997727,665,24.79764,3.576,15.25,13.31
20120523,0.160119899,139.956,874.07,870.43,65.433,21.244,1.693,-0.711,65.00695,136,17.93401,4.334,18.25,17.35
20120524,0.07517319,65.433,870.43,866.89,136.338,20.533,1.703,-0.933,63.530215,603,14.074457,4.593,16.65,15.95
20120525,0.157272549,136.338,866.89,863.48,116.978,19.6,1.519,-0.767,72.337355,581,11.28354,4.151,15.45,14.65
20120526,0.135472738,116.978,863.48,860.17,95.756,18.833,1.514,2.821,62.457055,540,8.62918,4.199,15.05,14.35
20120527,0.11132218,95.756,860.17,856.98,59.724,21.654,2.202,3.79,67.96826667,468,30.46127,4.64,15.65,14.75
20120528,0.069691241,59.724,856.98,853.91,111.15,25.444,2.22,1.987,63.142575,237,24.11302,6.15005,20.15,19.45
20120529,0.130165943,111.15,853.91,850.96,114.487,27.431,2.685,-5.652,59.85967778,306,33.10051,6.204,21.45,20.95
20120530,0.134538639,114.487,850.96,848.12,137.724,21.779,2.611,-6.627,56.31792778,492,39.49764,4.305,22.45,21.95
20120531,0.162387398,137.724,848.12,845.41,149.695,15.152,2.504,0.681,52.0815,677,30.71276,2.66,12.15,10.45
20120601,0.177067932,149.695,845.41,842.82,147.918,15.833,2.452,3.957,72.00958125,660,31.974,2.529,11.45,10.25
20120602,0.175503666,147.918,842.82,840.35,39.195,19.79,1.585,-3.8,58.06409375,600,17.90172,4.029,11.45,11.05
20120603,0.04664128,39.195,840.35,838,113.631,15.99,2.036,-2.684,66.38105556,141,25.30176,3.103,18.15,17.65
20120604,0.135597852,113.631,838,835.78,116.708,13.306,2.024,-2.981,68.43177778,175,22.4099,2.356,13.75,13.35
20120605,0.139639618,116.708,835.78,833.69,144.517,10.325,1.46,-0.073,62.24551667,664,8.40747,1.868,7.35,5.95
20120606,0.173346208,144.517,833.69,831.72,140.628,10.252,1.872,-5.587,66.43425714,582,20.52201,1.91,6.15,5.25
20120607,0.169080941,140.628,831.72,829.89,144.192,4.665,1.907,1.637,66.10637778,675,15.98675,1.114,2.15,0.15
20120608,0.173748328,144.192,829.89,828.18,142.989,6.302,2.359,4.302,61.23219444,672,20.62019,1.402,1.75,0.75
20120609,0.172654495,142.989,828.18,826.6,142.198,10.604,2.081,4.902,53.43638333,658,18.57638,1.611,3.45,2.55
20120610,0.172027583,142.198,826.6,825.15,29.575,15.506,1.611,3.271,69.94001875,43,13.566643,3.608,11.45,8.65
20120611,0.035841968,29.575,825.15,823.82,68.185,18.777,1.151,3.033,70.64316429,336,6.479128,3.905,14.45,13.95
